image_id,class_id,x_center,y_center,width,height,confidence
000003_jpg.rf.8511b9c219dbf9799a6d58900b15917d.jpg,7,0.4989534020423889,0.4818805754184723,0.4509779214859009,0.6204697489738464,0.95958012342453
000006_jpg.rf.89610ec419ccfab22f8314026b90ee26.jpg,7,0.3758583962917328,0.16334281861782074,0.27169638872146606,0.32539859414100647,0.9238891005516052
00000_00000_00003_png.rf.d18afc3c9625ffb1974029d3e3762aee.jpg,6,0.5213859677314758,0.5073439478874207,0.5612675547599792,0.5702745318412781,0.9266864657402039
00000_00000_00005_png.rf.ab60a274676963d378f5014e89d9e2b1.jpg,6,0.5327161550521851,0.5284441113471985,0.6053071618080139,0.6159578561782837,0.9235909581184387
00000_00000_00006_png.rf.9d1ea68507aff6973a1dbcdc6f4422a8.jpg,6,0.5351624488830566,0.5540186762809753,0.5780509114265442,0.5948171019554138,0.9196286797523499
00000_00000_00008_png.rf.ff305dcd6e9ceb9188937311a4a1b207.jpg,6,0.5163003206253052,0.5080560445785522,0.6392932534217834,0.6436824202537537,0.9312925934791565
00000_00000_00013_png.rf.9076cbfc7f7811fa22547539a7e7ac02.jpg,6,0.5386484861373901,0.5016437768936157,0.6897730231285095,0.7007371783256531,0.933078408241272
00000_00000_00017_png.rf.6c2381a6a103a041f23159fbd44868ed.jpg,6,0.5330274701118469,0.5255188941955566,0.7312805652618408,0.7279839515686035,0.9306384325027466
00000_00000_00021_png.rf.0803f8eb5b4566c44100cfef9d0bfa8e.jpg,6,0.5283931493759155,0.5388315320014954,0.7741850018501282,0.7878366708755493,0.9393801093101501
00000_00000_00024_png.rf.8b21eb79678eed47df52a9ab4319bc08.jpg,6,0.5105608701705933,0.5053812861442566,0.8098470568656921,0.8132422566413879,0.9351123571395874
00000_00001_00008_png.rf.936b0185c3b9131c96d42d60a5da1abb.jpg,6,0.5366899371147156,0.5351507663726807,0.5823012590408325,0.6047306060791016,0.9212682247161865
00000_00001_00013_png.rf.c2367f9d1b377597b2cc3706b70fa818.jpg,6,0.51935213804245,0.530259370803833,0.634261965751648,0.650590181350708,0.9278973937034607
00000_00001_00016_png.rf.2818a0160369aa9d2465007de479d6d3.jpg,6,0.5179300308227539,0.5111336708068848,0.6431463360786438,0.6605250239372253,0.9310089945793152
00000_00001_00020_png.rf.4fc3ed0f124f480c5152a541fff2dbf7.jpg,6,0.5343983769416809,0.5009244680404663,0.6859452724456787,0.7013066411018372,0.9358038902282715
00000_00001_00020_png.rf.af293e6651965d897c75935cf2084f7d.jpg,6,0.5343983769416809,0.5009244680404663,0.6859452724456787,0.7013066411018372,0.9358038902282715
00000_00001_00021_png.rf.beb4a4004ddd09e998abac6f77de0322.jpg,6,0.5248896479606628,0.5118527412414551,0.7018046975135803,0.7278870344161987,0.9307498335838318
00000_00002_00012_png.rf.d345a307460a0fa32e159261cffa0e88.jpg,6,0.5173835754394531,0.5158209800720215,0.5980386137962341,0.6210889220237732,0.9351618885993958
00000_00002_00015_png.rf.9c6647dad127ad8ea26b08ef5e31f15f.jpg,6,0.5358906984329224,0.5177925229072571,0.666591227054596,0.6749966144561768,0.9329610466957092
00000_00002_00026_png.rf.092c69361ef48fd43b479aa48fc829d9.jpg,6,0.5048568248748779,0.5037446022033691,0.7954849600791931,0.7789989709854126,0.9323760867118835
00000_00003_00003_png.rf.cb1242e3f504fdf75084201d1d568a93.jpg,6,0.5356665849685669,0.5633266568183899,0.5578700304031372,0.5534324049949646,0.9254658818244934
00000_00003_00005_png.rf.91e4d86cd4241911356889c94ae3f5ee.jpg,6,0.5361178517341614,0.5346353650093079,0.5573086738586426,0.5690209269523621,0.9240870475769043
00000_00003_00011_png.rf.7d5f2a85458f70654be03f2a2cd47c06.jpg,6,0.5370469689369202,0.5162031054496765,0.6079113483428955,0.6219008564949036,0.9347020387649536
00000_00003_00015_png.rf.a18e8c7a509b0f5f98fe6221bac9aee4.jpg,6,0.5340816378593445,0.5374165773391724,0.6713760495185852,0.6917028427124023,0.9355695843696594
00000_00003_00017_png.rf.cb107aac6c3f74cfb122de76625c4abc.jpg,6,0.5102587938308716,0.5138155221939087,0.7196197509765625,0.6838914752006531,0.9321393370628357
00000_00003_00019_png.rf.d5f22619ed92e72b6d2ed7150b2db7c3.jpg,6,0.5259358286857605,0.514509379863739,0.7092163562774658,0.7136465311050415,0.9343776702880859
00000_00004_00027_png.rf.339c3f63582ed2785e9d0740821e561e.jpg,6,0.517985999584198,0.5153751373291016,0.8192479610443115,0.8023973703384399,0.9361410140991211
00000_00005_00000_png.rf.4b0a9b1409c4ee2cc880aa6e173d5e0e.jpg,6,0.5282348990440369,0.5219106078147888,0.5486475825309753,0.5343399047851562,0.9228654503822327
00000_00005_00003_png.rf.df858754a637fecb106924e9bc47a832.jpg,6,0.5604140162467957,0.5303857922554016,0.531680703163147,0.5733620524406433,0.922366201877594
00000_00005_00009_png.rf.318081408daa3bd6bd66422e94bd3dca.jpg,6,0.5343758463859558,0.5162957310676575,0.6012371182441711,0.6189230680465698,0.9289950728416443
00000_00005_00016_png.rf.80996367c51768326648d4c53f8a1e63.jpg,6,0.5272794365882874,0.49057939648628235,0.6500191688537598,0.693795919418335,0.9311371445655823
00000_00005_00025_png.rf.f6c63209955abab1fc2ea39248553192.jpg,6,0.5241140127182007,0.5065162777900696,0.7617601752281189,0.8217374086380005,0.9337666034698486
00000_00005_00027_png.rf.397ea37e7f1f7c3029ef77da37b4d73a.jpg,6,0.509443461894989,0.4986364245414734,0.8024049997329712,0.8098806738853455,0.9362906217575073
00000_00006_00000_png.rf.89204de3eb332a0f1dfbdbfeed2c4f19.jpg,6,0.49194926023483276,0.5524669885635376,0.43162626028060913,0.5840151309967041,0.901438295841217
00000_00006_00004_png.rf.f3eaa594302a3387574994936ac8af80.jpg,6,0.49686163663864136,0.5134822130203247,0.5729223489761353,0.6020849347114563,0.9203828573226929
00000_00006_00009_png.rf.69ada07a494f34af78f9cbb977bb1fe7.jpg,6,0.521960973739624,0.5317209362983704,0.6608902215957642,0.6462163925170898,0.9307538270950317
00000_00006_00009_png.rf.abb45158e58a911f6eb8f4784f718205.jpg,6,0.521960973739624,0.5317209362983704,0.6608902215957642,0.6462163925170898,0.9307538270950317
00000_00006_00014_png.rf.c18a9a99443ea933a462c18e7d9cc035.jpg,6,0.5119460225105286,0.4923616647720337,0.691558301448822,0.6781020760536194,0.9318642020225525
00000_00006_00021_png.rf.ceba1690308218617be309fd8dd38971.jpg,6,0.5198807120323181,0.5154198408126831,0.7436375021934509,0.7262586951255798,0.9266701340675354
00000_00006_00022_png.rf.8a9524bcedd0aa85d431b5314bdaf179.jpg,6,0.5101456642150879,0.515515923500061,0.7457798719406128,0.730472207069397,0.9282388687133789
00000_00006_00022_png.rf.ac6d1330d86c61ae4067afdd3a258ab3.jpg,6,0.5101456642150879,0.515515923500061,0.7457798719406128,0.730472207069397,0.9282388687133789
000012_jpg.rf.a2e9009c1ca91c2272045589701123f0.jpg,7,0.48696449398994446,0.3405414819717407,0.8104429841041565,0.3632183074951172,0.9246243238449097
000015_jpg.rf.1c60d15418d0291507def26c241ed27e.jpg,7,0.25347182154655457,0.37058231234550476,0.39974021911621094,0.4676697254180908,0.9479156732559204
000015_jpg.rf.1c60d15418d0291507def26c241ed27e.jpg,0,0.04951880872249603,0.01425949390977621,0.06728354096412659,0.02851898781955242,0.07018491625785828
00001_00006_00004_png.rf.d10a2232f001894c293a3899de728cad.jpg,7,0.5229648351669312,0.5302886366844177,0.7291483283042908,0.7559645771980286,0.9398755431175232
00001_00006_00026_png.rf.49d271a1ad59fd8fc3022b9d27fd55e2.jpg,7,0.5059879422187805,0.5045026540756226,0.7810868620872498,0.8232747912406921,0.9470124840736389
00001_00010_00003_png.rf.7aafa0add84d32dae0f70c72f29be839.jpg,7,0.5302918553352356,0.5690056085586548,0.5282226204872131,0.5223941206932068,0.9516474008560181
00001_00010_00010_png.rf.0c717d1fcb47c63dc21133891c67058d.jpg,7,0.5463243722915649,0.5400047302246094,0.5751522183418274,0.6117151975631714,0.9518944621086121
00001_00011_00006_png.rf.b3c9ed7b58e8b06312406f5fb6ecb9cd.jpg,7,0.5188215374946594,0.5275848507881165,0.648880660533905,0.6131281852722168,0.9466111063957214
00001_00014_00020_png.rf.dae49e781829147dd4dfd5b4812d0068.jpg,7,0.5146618485450745,0.5128220915794373,0.7879209518432617,0.8041842579841614,0.9381248950958252
00001_00019_00006_png.rf.ba8186909430430fb44e7eea3282a96b.jpg,7,0.5376583337783813,0.5130513310432434,0.5889396071434021,0.6084880828857422,0.9510206580162048
00001_00020_00001_png.rf.558285df18ab5e029ed28ae9b0442173.jpg,7,0.48928922414779663,0.5356217622756958,0.6232986450195312,0.7496830224990845,0.9521498680114746
00001_00020_00009_png.rf.70d380dd904a8b782ac06daf41622bc8.jpg,7,0.48968374729156494,0.5115184187889099,0.6898490190505981,0.7810006141662598,0.9550824165344238
00001_00021_00006_png.rf.c24e2e36491660b540a9b81687c16bc3.jpg,7,0.5316327810287476,0.5443126559257507,0.5726320147514343,0.5939739942550659,0.9541114568710327
00001_00021_00007_png.rf.7054b7fcb56980bcabcf57e0f1cb9182.jpg,7,0.5388646721839905,0.5024574398994446,0.5775701403617859,0.6162716150283813,0.5678461790084839
00001_00022_00001_png.rf.f68bab926df5c93b7a8baf9d168955d1.jpg,7,0.5217835307121277,0.5172842741012573,0.6182876229286194,0.5508116483688354,0.9498774409294128
00001_00023_00007_png.rf.f20610daefe32091399ce0ee1b9799f6.jpg,7,0.5702122449874878,0.5710674524307251,0.5396027565002441,0.5886592864990234,0.9467304348945618
00001_00025_00025_png.rf.9556a94e4da441bd05e548d86099c3c0.jpg,7,0.5155941247940063,0.5089150667190552,0.7544615864753723,0.783798098564148,0.9531322121620178
00001_00028_00017_png.rf.ff6c0bf1f57a58c63e706c5a59b9b55e.jpg,7,0.523736298084259,0.47804397344589233,0.685836672782898,0.772375226020813,0.9556575417518616
00001_00028_00017_png.rf.ff6c0bf1f57a58c63e706c5a59b9b55e.jpg,14,0.9662589430809021,0.41920095682144165,0.067331463098526,0.6208099722862244,0.05913501977920532
00001_00029_00011_png.rf.8778f18a5af227481b72a0bd897cb144.jpg,7,0.5409447550773621,0.5291772484779358,0.6425699591636658,0.6546839475631714,0.9503214359283447
00001_00030_00008_png.rf.f42a5ab100ba2300ff2ef3273198a629.jpg,7,0.541733980178833,0.5292453169822693,0.5331632494926453,0.6740366220474243,0.9535335302352905
00001_00031_00011_png.rf.d92d0588e5bfd7f8ced37d558e0efd54.jpg,7,0.5395408868789673,0.4956205487251282,0.5629684925079346,0.5980856418609619,0.9488770961761475
00001_00032_00012_png.rf.e30cf3974f41a7316dff0477b7c4c589.jpg,7,0.5025293827056885,0.5405861139297485,0.6665158271789551,0.6730835437774658,0.9459717869758606
00001_00033_00010_png.rf.4b1b4602c3c04f4aa72ce1f952cce126.jpg,7,0.5197397470474243,0.5076878666877747,0.6128992438316345,0.6005461812019348,0.9538020491600037
00001_00033_00013_png.rf.7df949e59990e9dabfbc631176beada9.jpg,7,0.5551224946975708,0.5651710629463196,0.6258557438850403,0.6407040953636169,0.9522299766540527
00001_00035_00012_png.rf.ef688824fa8eae681376cbaa7708a2dd.jpg,7,0.530844509601593,0.5370622873306274,0.6307743191719055,0.5892819762229919,0.9499741196632385
00001_00038_00012_png.rf.769276765c04567a8afdd2300298c7cb.jpg,7,0.4943377375602722,0.4862547218799591,0.5773696303367615,0.5759076476097107,0.9514988660812378
00001_00038_00013_png.rf.9bea2c6ade7591cafa7a3ee2d6447b63.jpg,7,0.5109842419624329,0.49025052785873413,0.5928146243095398,0.6015354990959167,0.9446921944618225
00001_00042_00000_png.rf.ac8cef49708d26776dd018e63c08ee29.jpg,7,0.5192619562149048,0.5286809206008911,0.5594742894172668,0.592114269733429,0.9519957900047302
00001_00059_00004_png.rf.74b0bb0dc2200bf50c665e4b2017a9cf.jpg,7,0.5368650555610657,0.5106675028800964,0.6234311461448669,0.6399187445640564,0.9540875554084778
00001_00060_00007_png.rf.1bf10fd8b24b215fba58ab5975968559.jpg,7,0.5086122155189514,0.5412076115608215,0.6852766275405884,0.6733030676841736,0.9487817287445068
00001_00063_00003_png.rf.e87ae69015487ca78a229870bc3ed27f.jpg,7,0.573663055896759,0.5740787982940674,0.594573438167572,0.6375016570091248,0.9434366226196289
00001_00064_00019_png.rf.135e30aa3fe9209e095eb3ff5e304ebb.jpg,7,0.5329330563545227,0.49324992299079895,0.6959522366523743,0.7251229286193848,0.9471832513809204
00001_00065_00006_png.rf.161dc86f1aaaf56ceadeedb9920c11ec.jpg,7,0.560556948184967,0.5072503089904785,0.6274871826171875,0.6131839752197266,0.9497690200805664
00001_00066_00015_png.rf.e1adfeb91011dcf5d548147d1acc30eb.jpg,7,0.4924631416797638,0.5165330767631531,0.7432459592819214,0.741443395614624,0.9585298895835876
00001_00068_00007_png.rf.4bb41a90249c981be7a87239ef7d4288.jpg,7,0.4859803020954132,0.523533046245575,0.5735957026481628,0.5601917505264282,0.9540056586265564
00002_00000_00005_png.rf.6a3d73b59a12500d97c5ad071900f3e8.jpg,9,0.5325549840927124,0.5166265964508057,0.613561749458313,0.7271743416786194,0.9352813959121704
00002_00000_00008_png.rf.fef84220cd4e8886da3b88267904e21d.jpg,9,0.5378936529159546,0.5074061751365662,0.6607104539871216,0.7430186867713928,0.9340803027153015
00002_00000_00016_png.rf.5c98b3aeaa1ebc1ebc1afb2b2e8d9750.jpg,9,0.5061704516410828,0.514548122882843,0.702168881893158,0.7881712317466736,0.9331884980201721
00002_00004_00025_png.rf.088e01a14aec1e026c95b0b5ab8b08ec.jpg,9,0.5193789005279541,0.5207716226577759,0.7994768023490906,0.7732231020927429,0.9459021091461182
00002_00006_00028_png.rf.70f98b1fc1d0c548e37ffe7968c81a40.jpg,9,0.4969431161880493,0.5244395732879639,0.7123172879219055,0.7859264612197876,0.9338281154632568
00002_00007_00012_png.rf.cda4cec2b68cd6819ec43a7799d667a5.jpg,9,0.5329987406730652,0.5150378346443176,0.6195973753929138,0.6777123808860779,0.9269896149635315
00002_00010_00029_png.rf.526a5527eafd2cdc74e872afe9fb8276.jpg,9,0.4916597306728363,0.5098444223403931,0.7625589370727539,0.8162733316421509,0.9438843727111816
00002_00011_00028_png.rf.4b4e80fab739c206b44c9d195a2f08e0.jpg,9,0.5118260383605957,0.4945736229419708,0.6897493004798889,0.7688031196594238,0.9321923851966858
00002_00015_00017_png.rf.81a2cb9a7cc2d150109c3af756943d8e.jpg,9,0.5007628798484802,0.5168846249580383,0.7272456288337708,0.7302029132843018,0.9374079704284668
00002_00016_00002_png.rf.c2bf6b0c65f3f2b845d281aef33328e0.jpg,9,0.5225468873977661,0.5356908440589905,0.5947151184082031,0.6300041675567627,0.9343894124031067
00002_00017_00020_png.rf.1a27fc5910f7ff6cd9e5ecad10609fe4.jpg,9,0.517859935760498,0.5144163370132446,0.7010147571563721,0.7139896750450134,0.9405540823936462
00002_00017_00026_png.rf.0e0c876d62e868e7b8bbea45c2854b90.jpg,9,0.5006391406059265,0.5110927224159241,0.7558655738830566,0.7990370988845825,0.9432844519615173
00002_00028_00013_png.rf.4c1b88702f75ba47a05c979c6a1a24af.jpg,9,0.5296071767807007,0.5149915814399719,0.6343907713890076,0.631828784942627,0.9269465804100037
00002_00029_00020_png.rf.92b3fdd9df0a753fcf7dd9e098f54ca5.jpg,9,0.4941043257713318,0.5142137408256531,0.7391363382339478,0.7306438684463501,0.9387783408164978
00002_00032_00021_png.rf.45636f29d1c772fb421d516a9741145a.jpg,9,0.4962090849876404,0.5436545610427856,0.6447246670722961,0.6656333208084106,0.9360737204551697
00002_00057_00023_png.rf.c8c4e00edf84e93fdca59e89ca4480e8.jpg,9,0.5109308958053589,0.5165122151374817,0.7677457332611084,0.7673072814941406,0.9377537965774536
00002_00063_00008_png.rf.42b7f6b82f752ce45b8a4128928bea6b.jpg,9,0.5313235521316528,0.5329919457435608,0.5684456825256348,0.5710022449493408,0.9381250143051147
00002_00065_00004_png.rf.dd58840a036850f03da5f6bbdd1940d2.jpg,9,0.5398870706558228,0.5417642593383789,0.6572007536888123,0.7267709970474243,0.9384728670120239
00002_00065_00005_png.rf.f156b51c34d4fe59f4f1981ecab62ed0.jpg,9,0.5214487314224243,0.5222887992858887,0.6506099700927734,0.704171895980835,0.9323751330375671
00003_00000_00008_png.rf.976bc2ecdc3e69167320fc22712ec43d.jpg,10,0.5176558494567871,0.4915284514427185,0.5915672779083252,0.6039777994155884,0.9479162693023682
00003_00002_00016_png.rf.f31757e4e66bdf3dd7c10888f14ba7c6.jpg,10,0.5491784811019897,0.505979061126709,0.6438767313957214,0.6918167471885681,0.9371993541717529
00003_00002_00023_png.rf.4d47dbf061aedff7277a91be6a5bbc6b.jpg,10,0.5345108509063721,0.5342203378677368,0.7358473539352417,0.7453011870384216,0.9342313408851624
00003_00010_00012_png.rf.992b5dc958856171d8218c027b672b12.jpg,10,0.4913526177406311,0.49787068367004395,0.6034324765205383,0.6052117347717285,0.9353212118148804
00003_00014_00015_png.rf.4a4854b32d96279361db09f8b4d4bbcf.jpg,10,0.5511968731880188,0.5377354621887207,0.6119161248207092,0.6356133818626404,0.9371878504753113
00003_00019_00004_png.rf.0e5e854d48614cdc5bef09b4b3085a03.jpg,10,0.5083333253860474,0.5043786764144897,0.6001511812210083,0.5750551223754883,0.9502493143081665
00003_00026_00011_png.rf.33d98e9ee599a39d6f2b819682707a5a.jpg,10,0.5328536629676819,0.5395621061325073,0.5679635405540466,0.5923939943313599,0.9397394061088562
00003_00026_00022_png.rf.f67190b7724f3871c19569e098d5cc02.jpg,10,0.5367738008499146,0.5101850628852844,0.665754497051239,0.6917100548744202,0.9347310066223145
00003_00027_00025_png.rf.4c1fd45a0b5f0f724237f83b7d47c499.jpg,10,0.5401716232299805,0.5039957165718079,0.7490662932395935,0.76923668384552,0.9289398193359375
00003_00034_00015_png.rf.16921ba926f31008a26ba58d2337527f.jpg,10,0.5044763684272766,0.5131116509437561,0.6576336026191711,0.6598732471466064,0.9270520210266113
00003_00035_00028_png.rf.ee8da916ee92d6dc7e62eedaf09a79e4.jpg,10,0.5038420557975769,0.49220967292785645,0.7642457485198975,0.7774527668952942,0.9466288089752197
00003_00036_00017_png.rf.8ac2d0085877d733785436132fdc938e.jpg,10,0.5206392407417297,0.5012094974517822,0.6764903664588928,0.6492299437522888,0.9249978065490723
00003_00036_00028_png.rf.b1c4322c721873c9caa6ed9fd25eeb07.jpg,10,0.5035116672515869,0.4953109622001648,0.7852579355239868,0.7940776944160461,0.9396847486495972
00003_00036_00028_png.rf.b3b837a4ff3803383e94a13fe8fc748b.jpg,10,0.5035116672515869,0.4953109622001648,0.7852579355239868,0.7940776944160461,0.9396847486495972
00003_00038_00015_png.rf.68af73eb3c3267953582146c619d7c25.jpg,10,0.5396318435668945,0.5003914833068848,0.648395836353302,0.653684139251709,0.9312524795532227
00003_00038_00026_png.rf.a69d0576816db3c4d315d0dce5b99721.jpg,10,0.5137696266174316,0.5098940134048462,0.7906559109687805,0.8055898547172546,0.9356083273887634
00003_00040_00029_png.rf.7d37fc566ece4627cb04b2b8d32dc473.jpg,10,0.5195433497428894,0.5185654163360596,0.6657859683036804,0.6647698283195496,0.9249452948570251
00003_00042_00029_png.rf.d0d6dd339d2be42128efbae34d3f541a.jpg,10,0.49959489703178406,0.508276641368866,0.722022533416748,0.7189411520957947,0.9390867948532104
00003_00044_00003_png.rf.2b73723d27b25434c3de6ca04adbe574.jpg,10,0.5476940870285034,0.5289491415023804,0.4884594678878784,0.4736739993095398,0.9396829605102539
00003_00044_00011_png.rf.9f723b9e228efc8339bf51faa590a58e.jpg,10,0.5504975318908691,0.5428616404533386,0.5645182132720947,0.5674460530281067,0.9371778964996338
00003_00044_00013_png.rf.24a211df9596dccf36b448483be5f663.jpg,10,0.5393254160881042,0.516057550907135,0.5987314581871033,0.6050092577934265,0.9228058457374573
00003_00044_00020_png.rf.dc91d31ec81c700753fe335f3fc42cf8.jpg,10,0.5338567495346069,0.5165969133377075,0.7016259431838989,0.6962867379188538,0.9309753179550171
00003_00045_00010_png.rf.1eb0ead62274ff3e76b12140d0f4399b.jpg,10,0.5409165620803833,0.5396187901496887,0.5962226986885071,0.5994848608970642,0.940747857093811
00003_00045_00019_png.rf.3120c19400c889f8dfd507e2f6f16995.jpg,10,0.5176774263381958,0.523340106010437,0.7125228047370911,0.7091329097747803,0.9330517053604126
00003_00046_00010_png.rf.891f75f30b9f3db0a566b63a5d08287f.jpg,10,0.5266665816307068,0.503887951374054,0.6169103980064392,0.6125414371490479,0.9404314160346985
000041_jpg.rf.89c814e3db33e70112e3447d54bb42c6.jpg,7,0.5367754101753235,0.31258082389831543,0.2629169523715973,0.4672151207923889,0.9425162672996521
00004_00002_00014_png.rf.66ae4730024327a8ff79210c980a4667.jpg,11,0.5142630934715271,0.518325924873352,0.6744389533996582,0.6858278512954712,0.9520837664604187
00004_00003_00014_png.rf.fbd79a43c27ae3464c7be84d785ed5e2.jpg,11,0.5514568090438843,0.5137287974357605,0.6209110617637634,0.5988954901695251,0.9420179724693298
00004_00004_00006_png.rf.779cd44893dd231e6e05b680dc9bef9a.jpg,11,0.49851152300834656,0.5056029558181763,0.6714754104614258,0.6979649066925049,0.9442301988601685
00004_00004_00009_png.rf.fc4e5787fbeb0511656710884dc88284.jpg,11,0.5320867300033569,0.5179412961006165,0.6661896705627441,0.701399564743042,0.9439678192138672
00004_00006_00002_png.rf.e126eb56f28cf1c98809239babe89334.jpg,11,0.5236035585403442,0.5346657037734985,0.5630720853805542,0.5707575678825378,0.9405930638313293
00004_00009_00021_png.rf.0f8628e061118cfeaad9228b32489e7c.jpg,11,0.4935350716114044,0.5412678718566895,0.6600950956344604,0.6480028033256531,0.9452385306358337
00004_00010_00020_png.rf.8985cbdd62ef877bd3b91429c517b515.jpg,11,0.5283119082450867,0.5094643235206604,0.6902868151664734,0.6730422377586365,0.9540672898292542
00004_00022_00020_png.rf.56c34e7fb6ec15747810e3706fb11e4a.jpg,11,0.5217111706733704,0.5123189687728882,0.5948330163955688,0.6121041178703308,0.9628746509552002
00004_00030_00003_png.rf.31ed58359e92300b61de2440b5f38d1a.jpg,11,0.5407329797744751,0.5368674397468567,0.5489980578422546,0.5248917937278748,0.9493235349655151
00004_00030_00010_png.rf.c35b9a70b784be1bcd6b28d9ac1e12f5.jpg,11,0.5368443727493286,0.49595338106155396,0.5828843712806702,0.5830975770950317,0.9547471404075623
00004_00032_00009_png.rf.ea892d563594cad9d6d9ae8e8c9e9780.jpg,11,0.5197170972824097,0.497405081987381,0.598160445690155,0.5812913775444031,0.9558097720146179
00004_00035_00005_png.rf.b222e7d3ff032a58afdfb10ad73d6911.jpg,11,0.5193447470664978,0.5175620913505554,0.5453516840934753,0.5368890166282654,0.9418382048606873
00004_00036_00014_png.rf.de499ca97d9e6307ab9f8e859dd43336.jpg,11,0.5235902070999146,0.5149854421615601,0.6765466332435608,0.6838203072547913,0.9514639973640442
00004_00036_00029_png.rf.f55502d5bebf262101364b930e187143.jpg,11,0.5013007521629333,0.5025132298469543,0.7939721941947937,0.7958897948265076,0.9548289775848389
00004_00037_00007_png.rf.223e842f5027e61ac59e32979ca930d6.jpg,11,0.5289958715438843,0.515569806098938,0.563184916973114,0.5513365268707275,0.9485301375389099
00004_00038_00011_png.rf.e8a8cb47ee1d09d447e63dd630056862.jpg,11,0.505112886428833,0.4924546182155609,0.5353990793228149,0.5531008839607239,0.9365647435188293
00004_00038_00016_png.rf.91ed21fee2978def3dd315ee735fc1c0.jpg,11,0.5255157947540283,0.48953601717948914,0.577861487865448,0.6191497445106506,0.9542015194892883
00004_00038_00023_png.rf.d7f850098ec568f71506f85f920d6eb3.jpg,11,0.4958963692188263,0.5156196355819702,0.6749923825263977,0.6949840188026428,0.9514063596725464
00004_00039_00028_png.rf.b088fe4f42e92367b13ca2fe401844ac.jpg,11,0.5187234878540039,0.4960455000400543,0.7562888264656067,0.7605468034744263,0.9546648859977722
00004_00044_00016_png.rf.21f8e05be871f651648f89b58c3f20c7.jpg,11,0.5294967889785767,0.5126646757125854,0.6770467162132263,0.6585819125175476,0.9545040130615234
00004_00046_00013_png.rf.6c04ac5c1dc478a3d929f9f1446d90b0.jpg,11,0.5174199342727661,0.5112804770469666,0.6574805378913879,0.6326368451118469,0.9563087224960327
00004_00049_00008_png.rf.92e7b20cb3ae99c683fc6a1a09ce836b.jpg,11,0.5391768217086792,0.5119531154632568,0.5658851265907288,0.5404154658317566,0.9431508183479309
00004_00050_00020_png.rf.5b1bab0bf6b9284c2c1cffcbe35b12ed.jpg,11,0.49985435605049133,0.5279179811477661,0.6248394250869751,0.6144970655441284,0.955229640007019
00004_00052_00006_png.rf.17e668414f18071d605e3327513528de.jpg,11,0.552078366279602,0.5509992241859436,0.552106499671936,0.5176094174385071,0.9386700391769409
00004_00052_00016_png.rf.bfe7cf72a069a7a4347a21a300041156.jpg,11,0.5370233654975891,0.5040861964225769,0.6030603647232056,0.5934469699859619,0.9548714756965637
00004_00059_00010_png.rf.501920c3ea0f3537120f7b2835fcdc82.jpg,11,0.5012578964233398,0.5155218839645386,0.6074569821357727,0.6325177550315857,0.9575728178024292
00004_00060_00021_png.rf.eb99d667b724b14132452c88d3674738.jpg,11,0.5142143964767456,0.525992214679718,0.6804431080818176,0.6862196922302246,0.9510010480880737
00005_00000_00019_png.rf.fb70e266857ce9ceea9b772edb452ab4.jpg,12,0.5319216847419739,0.528188169002533,0.6634415984153748,0.674321174621582,0.948554277420044
00005_00001_00016_png.rf.da02434245fde3214475aa75e6d4e2b6.jpg,12,0.5208749175071716,0.5607114434242249,0.5681282877922058,0.6071403622627258,0.9451252818107605
00005_00003_00012_png.rf.77d9df57d17122641644da65c80d2f0e.jpg,12,0.5324241518974304,0.5480855107307434,0.6297606229782104,0.6547436118125916,0.9181719422340393
00005_00004_00005_png.rf.53f4cde1da9ac0094d8c0d9fd968beb1.jpg,12,0.5576207041740417,0.5401062965393066,0.6195947527885437,0.5981761813163757,0.94312983751297
00005_00012_00025_png.rf.f8b1c97fbb9d575b38ad20cb4fc6e3b3.jpg,12,0.515324592590332,0.5108262896537781,0.7620572447776794,0.7650105953216553,0.9599290490150452
00005_00014_00005_png.rf.0e24dd3583d580dadb9d69e73a08e78c.jpg,12,0.4875214695930481,0.5002974271774292,0.5642451047897339,0.589300274848938,0.950925886631012
00005_00014_00005_png.rf.0e24dd3583d580dadb9d69e73a08e78c.jpg,5,0.4913291037082672,0.9425797462463379,0.5139749646186829,0.11484058201313019,0.120920829474926
00005_00014_00017_png.rf.ed92831e745be7167ec08c3f6d416b7d.jpg,12,0.5169832110404968,0.48942098021507263,0.6636199355125427,0.6916018724441528,0.948478639125824
00005_00016_00001_png.rf.fabe47d765e1b050e861dbb93b32167e.jpg,12,0.5391583442687988,0.5402824282646179,0.5739878416061401,0.5683561563491821,0.9483712315559387
00005_00044_00001_png.rf.b18c5a51d57be6cfa719c741ecba5d63.jpg,12,0.5259174108505249,0.5225597620010376,0.5781229734420776,0.6340741515159607,0.9459357261657715
00005_00056_00008_png.rf.ce009bd4c68dbecc1d8f76f80550034d.jpg,12,0.5236502885818481,0.5334922075271606,0.6145687103271484,0.6281823515892029,0.9428979754447937
00005_00056_00012_png.rf.1125a7436050023f0b75206acb088f2a.jpg,12,0.5013173818588257,0.5267086625099182,0.6109849214553833,0.615896463394165,0.9489786624908447
000069_jpg.rf.24da8297fff40a7760a8751ac763b821.jpg,7,0.4396182596683502,0.4536580443382263,0.3255839943885803,0.4945128560066223,0.9425569772720337
000076_jpg.rf.0066537c077a3d460d354c5de1fef980.jpg,7,0.6031796336174011,0.4351693093776703,0.1486775428056717,0.20071309804916382,0.9725331664085388
000079_jpg.rf.4f001472f7893131e04b4bc151a1bbe6.jpg,7,0.48222777247428894,0.4225499629974365,0.438198983669281,0.6121262311935425,0.9502900838851929
00007_00002_00021_png.rf.3e8282102bcbc3465886670d060ce78f.jpg,3,0.5186006426811218,0.5207552909851074,0.7626492977142334,0.7749543190002441,0.9471531510353088
00007_00016_00010_png.rf.06129e0dcd04b8601e57009dce36f893.jpg,3,0.5295658111572266,0.5090643763542175,0.6369217038154602,0.6427825093269348,0.9459484815597534
00007_00024_00027_png.rf.566faa37c8dd33d7cd4145572d744276.jpg,3,0.5086430311203003,0.516711413860321,0.7313142418861389,0.7267162203788757,0.9438424110412598
00007_00027_00020_png.rf.1c1be801a97cd5152cb9bcceaf08f5cd.jpg,3,0.5103264451026917,0.5099365711212158,0.7255076766014099,0.7064898610115051,0.9411706924438477
00007_00028_00022_png.rf.6c2e0f03a47cf5fa2fabb3ecec47124a.jpg,3,0.5369248986244202,0.5335959792137146,0.7084214687347412,0.755462110042572,0.9443283081054688
00007_00029_00014_png.rf.cc543e257165aa17476435f594aa76d1.jpg,3,0.5308889150619507,0.5092483162879944,0.6484546661376953,0.6504881978034973,0.9458534717559814
00007_00033_00014_png.rf.73a43aaa12af693eff052e2fb710db31.jpg,3,0.5614104866981506,0.5168983340263367,0.6179526448249817,0.6504912972450256,0.9410101771354675
00007_00040_00020_png.rf.845babcc2b4638d89980330cf6c5bcb2.jpg,3,0.5191487669944763,0.5076956748962402,0.6343957781791687,0.6447013020515442,0.9415823221206665
00007_00040_00027_png.rf.8479c71333ccd871fbed5311de8ceaf8.jpg,3,0.5289921760559082,0.5163372159004211,0.6692801713943481,0.6853427886962891,0.9456871151924133
00007_00041_00000_png.rf.45f1f53954863a0d12d1cd00c092939b.jpg,3,0.5558381080627441,0.542359471321106,0.5339646339416504,0.5651613473892212,0.9274713397026062
00007_00041_00002_png.rf.02df629489fd7c902fdbd6c1dd2f78ae.jpg,3,0.5469067692756653,0.5245972871780396,0.5497438311576843,0.5583653450012207,0.9408098459243774
00007_00042_00000_png.rf.b6fa9ef6ce63f92b01992d4ea8d63f5a.jpg,3,0.5057466626167297,0.5229088068008423,0.5817992091178894,0.5613903999328613,0.6928644180297852
00007_00042_00000_png.rf.b6fa9ef6ce63f92b01992d4ea8d63f5a.jpg,12,0.5055273175239563,0.5245305299758911,0.5822921991348267,0.5651692748069763,0.26553773880004883
00007_00043_00010_png.rf.b292148f880510d6254fec1a3d3bed44.jpg,3,0.5116365551948547,0.5181798934936523,0.6042872667312622,0.6078512072563171,0.9475423693656921
000080_jpg.rf.254656b428b79e343e536f6ee51a24fc.jpg,7,0.7376962304115295,0.37324944138526917,0.34511464834213257,0.4841119647026062,0.9456823468208313
000086_jpg.rf.b654137b1cae075367f483dd2b5bac85.jpg,7,0.3214043974876404,0.48823443055152893,0.4361227750778198,0.6001573204994202,0.9525583386421204
00008_00003_00002_png.rf.70816dfa48b29ed84d1abcb9bb09bf70.jpg,5,0.571546196937561,0.5398551225662231,0.5308483839035034,0.5339232683181763,0.3501471281051636
00008_00003_00002_png.rf.70816dfa48b29ed84d1abcb9bb09bf70.jpg,10,0.5701673626899719,0.5392595529556274,0.5289490222930908,0.5377282500267029,0.21719121932983398
00008_00004_00016_png.rf.3ba26e964ab9827715594ec40609937e.jpg,5,0.5210283994674683,0.5230445861816406,0.6559645533561707,0.6976349353790283,0.9473757743835449
00008_00005_00014_png.rf.31eccab502c0a10e9e32f0718618105e.jpg,5,0.5231589078903198,0.5058168172836304,0.6864768266677856,0.6637600064277649,0.9421129822731018
00008_00006_00026_png.rf.cb433297defc6e2a91fd89685c39f39f.jpg,5,0.5190682411193848,0.542305052280426,0.6882983446121216,0.7097224593162537,0.9401189684867859
00008_00007_00009_png.rf.8289199643586993b107ff888e950eab.jpg,5,0.5895584225654602,0.5175085067749023,0.5872433185577393,0.5839528441429138,0.9545224905014038
00008_00007_00010_png.rf.d2dc382f864442f6d8551cc9f41e0bc7.jpg,5,0.5642825365066528,0.5170643925666809,0.5835612416267395,0.5920971035957336,0.9469749331474304
00008_00007_00010_png.rf.d2dc382f864442f6d8551cc9f41e0bc7.jpg,5,0.575289785861969,0.9450975656509399,0.5826897025108337,0.10980481654405594,0.0738491490483284
00008_00007_00010_png.rf.d2dc382f864442f6d8551cc9f41e0bc7.jpg,11,0.5701655149459839,0.9436647891998291,0.5769497752189636,0.11267045885324478,0.056004345417022705
00008_00009_00012_png.rf.fa47f1ade7b6ffafc8c23e106e4ec0a9.jpg,5,0.5201970338821411,0.5130012631416321,0.5789617896080017,0.5873498320579529,0.9528095722198486
00008_00011_00006_png.rf.416887ff8fd6e24fc585ce1838c632a4.jpg,5,0.5057204365730286,0.5380150675773621,0.5462543964385986,0.5597009062767029,0.9567379951477051
00008_00011_00006_png.rf.416887ff8fd6e24fc585ce1838c632a4.jpg,5,0.5161096453666687,0.9424881339073181,0.49601247906684875,0.11502383649349213,0.052003487944602966
00008_00012_00022_png.rf.a76810c64a1c1a3def5cc808bb562890.jpg,5,0.518334686756134,0.5127902030944824,0.7218377590179443,0.7202276587486267,0.951435923576355
00008_00014_00012_png.rf.a62ba5f792b061df92e0177a04931c7b.jpg,5,0.5094571709632874,0.5317631959915161,0.6479247212409973,0.6055120825767517,0.9460200667381287
00008_00019_00004_png.rf.b716b893116e783e1bd33e79d972b5ae.jpg,5,0.5386669635772705,0.5419844388961792,0.5756991505622864,0.5897547602653503,0.9463297724723816
00008_00020_00007_png.rf.956ee64b06ed8ea4354a07ebb0c979a1.jpg,5,0.5347334146499634,0.533964991569519,0.5615267157554626,0.5742993354797363,0.9515092372894287
00008_00020_00015_png.rf.1815b3c75c86dd9d26141470c0c8542b.jpg,5,0.521637499332428,0.5182710886001587,0.5206975340843201,0.5351762771606445,0.9527104496955872
00008_00034_00008_png.rf.811d6bdaab24c4e03281dd023835def5.jpg,5,0.534886360168457,0.5029510259628296,0.5834754109382629,0.5775704383850098,0.9549717903137207
00008_00043_00018_png.rf.cb403d912587a88325e095df6ab3f1df.jpg,5,0.5355442762374878,0.5524615049362183,0.6376546025276184,0.6825899481773376,0.9503553509712219
00008_00045_00006_png.rf.04585cc625839dc38c94a4357ec9d19c.jpg,5,0.5267578363418579,0.511908233165741,0.6027354001998901,0.6400588154792786,0.9543105363845825
00008_00046_00015_png.rf.fca28beca2d7c7a733ca865755be6dbc.jpg,5,0.5321422219276428,0.5116963982582092,0.649003267288208,0.6613633036613464,0.9564398527145386
000091_jpg.rf.9762d3529d876b77e9d99aa8027e449c.jpg,7,0.4717909097671509,0.5030783414840698,0.5348290801048279,0.7684440016746521,0.9525518417358398
000099_jpg.rf.cc64c31e94947e188ec07796f1f590a2.jpg,7,0.6561983823776245,0.40279778838157654,0.43606603145599365,0.7750194668769836,0.9542797803878784
000100_jpg.rf.8948ed8c132dae637b8dde18d0c5be7b.jpg,9,0.7230631113052368,0.22500725090503693,0.16193830966949463,0.2111883908510208,0.9719653129577637
000117_jpg.rf.c63f6b715b912a6e219500db2c4dd6fc.jpg,9,0.3954029083251953,0.4488030970096588,0.28939998149871826,0.19803136587142944,0.9595199823379517
000121_jpg.rf.c26ea4c0be18ece889414f12976c49f2.jpg,9,0.5025914311408997,0.2496524304151535,0.2333124727010727,0.3422572910785675,0.933617353439331
000129_jpg.rf.549b104a7fd5f8171f046d77ca7ddae7.jpg,9,0.6478353142738342,0.5354279279708862,0.5264773964881897,0.5578902363777161,0.9545726776123047
000130_jpg.rf.21da097324e3450bb8ab634399961e84.jpg,9,0.49162757396698,0.3677796423435211,0.23922979831695557,0.1579466611146927,0.9176356792449951
000132_jpg.rf.6da2ad3a8754fb97cfa5a54b1fa794dd.jpg,9,0.3594895899295807,0.3011570870876312,0.2211892157793045,0.19487839937210083,0.9752740263938904
000145_jpg.rf.e37be0ff8c6d10e897956e8599346f71.jpg,9,0.49427056312561035,0.3811403512954712,0.796321451663971,0.49498969316482544,0.9430955052375793
000147_jpg.rf.bca55a14814a6d3a2554145932eb5490.jpg,9,0.5146735310554504,0.1546350121498108,0.36917877197265625,0.15370981395244598,0.9029764533042908
00014_00001_00006_png.rf.98b02c00237d76518ece14a1bdc194e9.jpg,14,0.5175970792770386,0.5122748613357544,0.6354261636734009,0.6460922360420227,0.9399175643920898
00014_00001_00009_png.rf.e13fd9f6dce4c523d54929047f528a21.jpg,14,0.5136040449142456,0.5182022452354431,0.6822431683540344,0.6900004744529724,0.9496914148330688
00014_00001_00011_png.rf.3484d601f5012f5329eece492b0e69fa.jpg,14,0.5270205736160278,0.5277737379074097,0.6938107013702393,0.739508867263794,0.9423661231994629
00014_00001_00019_png.rf.b23da2fc3bd75fcd44441c5f1e724952.jpg,14,0.5182779431343079,0.5077540278434753,0.7893040180206299,0.8053631782531738,0.9481079578399658
00014_00002_00029_png.rf.39fe8d27d845bd7b01172c8fe6e4f766.jpg,14,0.5109381675720215,0.5048035383224487,0.7668443918228149,0.7909300923347473,0.95079106092453
00014_00003_00001_png.rf.54c82cd619fe6dfe68ff0e9d0de201bd.jpg,14,0.5343053936958313,0.5182303190231323,0.6838922500610352,0.709174633026123,0.9481988549232483
00014_00003_00007_png.rf.4a4b5bfabfe079ec34b2bf1142a0461b.jpg,14,0.5184096097946167,0.4891449213027954,0.732441246509552,0.7687183022499084,0.9575772881507874
00014_00003_00009_png.rf.1e49e9f368c48bc8051b5d9f131171c3.jpg,14,0.5291265249252319,0.509207546710968,0.7318688631057739,0.7806656956672668,0.9496656060218811
00014_00004_00010_png.rf.d35020e5fb797eed8b025b0dca4fe434.jpg,14,0.5133771896362305,0.5317878127098083,0.7296572923660278,0.7279980182647705,0.948792040348053
00014_00004_00020_png.rf.e3b35f3ca153fde99af4db4a67d2a564.jpg,14,0.5148825645446777,0.5126368403434753,0.7875940799713135,0.7866095304489136,0.9487159252166748
00014_00005_00004_png.rf.a5fc79eb6e949f3b096df8ccc70d188f.jpg,14,0.5211886763572693,0.5259796977043152,0.7594441771507263,0.7757910490036011,0.948249340057373
00014_00005_00025_png.rf.297d8a9543fcea575965086bb06f4890.jpg,14,0.5133308172225952,0.5217999815940857,0.8053876757621765,0.8111399412155151,0.9452189207077026
00014_00006_00015_png.rf.5cb649de18ff690e33a86445aca080dd.jpg,14,0.5281025171279907,0.5338734984397888,0.7207242846488953,0.7402933835983276,0.9456149339675903
00014_00007_00002_png.rf.280a89db2cae24714734ae7f443731ba.jpg,14,0.5151492357254028,0.5170367360115051,0.6084206104278564,0.6036636233329773,0.9472218155860901
00014_00007_00006_png.rf.d3261be1ac6d7605e46470fb8e4940f4.jpg,14,0.514828622341156,0.5145302414894104,0.6475174427032471,0.6627863049507141,0.9453504681587219
00014_00007_00013_png.rf.bd8b36832e03b17e904c7a1a33f8937e.jpg,14,0.5244698524475098,0.5267860293388367,0.7314791083335876,0.753527820110321,0.9490410685539246
00014_00008_00004_png.rf.ce893afcdfcca67343de52c60d510a98.jpg,14,0.5401321649551392,0.5440189838409424,0.6044918298721313,0.6628168821334839,0.9414418935775757
00014_00008_00013_png.rf.a9f7b30283b689f1a5808560a69c0f7c.jpg,14,0.5089866518974304,0.5278640389442444,0.6764112114906311,0.7144608497619629,0.9454315304756165
00014_00008_00028_png.rf.41dc94b1892472b66d391791d753bb84.jpg,14,0.5067981481552124,0.509674608707428,0.8159064054489136,0.7758227586746216,0.9464493989944458
00014_00009_00009_png.rf.b4d1b6a8d582e147ba85747dd85cc451.jpg,14,0.539287805557251,0.5238405466079712,0.6283000111579895,0.6417192816734314,0.9465675950050354
00014_00009_00014_png.rf.5998ff1f31bd52e787eaa23bb04f06d2.jpg,14,0.5152259469032288,0.5125740766525269,0.7414765357971191,0.7474074959754944,0.9524760246276855
00014_00009_00022_png.rf.c59286af8197704e8e88c3efdbf7b9d5.jpg,14,0.5205414891242981,0.5040642023086548,0.81424880027771,0.8201324939727783,0.9522562623023987
00014_00010_00014_png.rf.3f9712dbd32c574c45bf9dbb8517dd9f.jpg,14,0.5202889442443848,0.537143886089325,0.7863824367523193,0.7804467678070068,0.9485191702842712
00014_00010_00017_png.rf.10f5ad5e297030721e4521481f8ca702.jpg,14,0.5102675557136536,0.5162470936775208,0.7672920227050781,0.7696645855903625,0.9510617256164551
00014_00011_00027_png.rf.c81a4600612fc1eb5cc21661de7ef62b.jpg,14,0.4943627715110779,0.5049577355384827,0.7870979309082031,0.7809322476387024,0.9466938972473145
00014_00012_00028_png.rf.7e4a7979b1766d76ca5628991607b48c.jpg,14,0.5249325633049011,0.5208681225776672,0.7870876789093018,0.780161440372467,0.948479950428009
00014_00013_00000_png.rf.230606f2f715a2bde5a237acafa3604b.jpg,14,0.516950249671936,0.5789749026298523,0.6295879483222961,0.49587222933769226,0.8146210312843323
00014_00013_00001_png.rf.e01f34bee93788d71a9ca127de49b201.jpg,14,0.508348286151886,0.5179657340049744,0.5689976811408997,0.5498393774032593,0.9448079466819763
00014_00013_00003_png.rf.774d46f2b5700aec9e78f1959fd3030f.jpg,14,0.5105043649673462,0.5407974720001221,0.6102802157402039,0.6177439093589783,0.953538715839386
00014_00022_00002_png.rf.067f3be88afec79842f718b26732c307.jpg,14,0.5316740870475769,0.497075617313385,0.6282708048820496,0.6386892199516296,0.9396426677703857
00014_00023_00018_png.rf.7f4df748842e9a2b90d343c5612ff812.jpg,14,0.517985463142395,0.5127673149108887,0.7730236053466797,0.7589653134346008,0.9443842172622681
00014_00024_00018_png.rf.1b7a484113cbc1f29d56a8f50156948a.jpg,14,0.5200527310371399,0.5297608971595764,0.7405231595039368,0.7311905026435852,0.9522330164909363
000163_jpg.rf.55c9537881a01c071eb6c3b46008b884.jpg,9,0.18703226745128632,0.14220091700553894,0.32932355999946594,0.2757222652435303,0.9442982077598572
000166_jpg.rf.f37d1c743a28243f0e0f2482f2a67290.jpg,9,0.5012791752815247,0.47954800724983215,0.3618026375770569,0.631689190864563,0.9371864795684814
000174_jpg.rf.4f68fb9dc24d6b51af78e847b1e30c10.jpg,9,0.6044950485229492,0.39544370770454407,0.27699294686317444,0.4147268533706665,0.9343885779380798
000175_jpg.rf.3690880bd7e62c2260306322a3762cc7.jpg,9,0.6041485667228699,0.4015043377876282,0.27566176652908325,0.41937485337257385,0.9338812828063965
000178_jpg.rf.0b4d8766b1bfcd897098e2f8b9bbe5d1.jpg,9,0.47111472487449646,0.5071820616722107,0.7742957472801208,0.5435826182365417,0.9462123513221741
000191_jpg.rf.055356915ad47ae7e1c0ded839d6c748.jpg,9,0.6855267882347107,0.4177452623844147,0.3538569509983063,0.5037466883659363,0.9379735589027405
000193_jpg.rf.334b364417849eb38db4d2275dc85838.jpg,9,0.4959205985069275,0.347739577293396,0.6612542271614075,0.4427075982093811,0.9434584379196167
000198_jpg.rf.9f156753fda46dd6fe9848a1440afd1b.jpg,9,0.4084196388721466,0.45945537090301514,0.2439701408147812,0.3739798665046692,0.9344024062156677
000202_jpg.rf.7b9c03e897bab9b7a170deae87d31266.jpg,8,0.4522954523563385,0.23798304796218872,0.34257376194000244,0.1965361386537552,0.9359952211380005
000204_jpg.rf.0ea9da72e384254681f268a305a35eb6.jpg,8,0.4508654773235321,0.5005561113357544,0.45224615931510925,0.5611371397972107,0.9290098547935486
000216_jpg.rf.ba4ecb747ec69d54c3a1690dcf5f5b3a.jpg,8,0.4665142297744751,0.27399927377700806,0.3946262001991272,0.22670283913612366,0.9497261047363281
000220_jpg.rf.07bc310baa1bbe3fe3ba7117b874ff64.jpg,8,0.5157030820846558,0.36525049805641174,0.39487987756729126,0.2548013925552368,0.9528088569641113
000223_jpg.rf.dbc866e5b7c69cf418e6bcca0e66e50b.jpg,8,0.6472616195678711,0.4437294602394104,0.5644543170928955,0.7473158836364746,0.9459559917449951
000231_jpg.rf.71b28020e16b2c6b5aa86d24726609c8.jpg,8,0.5041601061820984,0.7827368974685669,0.2155369371175766,0.13979311287403107,0.9505580067634583
000238_jpg.rf.dd14162743767963400cffffaea73ac9.jpg,8,0.642265796661377,0.4875061511993408,0.591064453125,0.960651159286499,0.9649778008460999
000239_jpg.rf.9c2470be6d2e5443f4db1ababb992587.jpg,8,0.5135796070098877,0.34563547372817993,0.5612762570381165,0.4130810499191284,0.9483429193496704
000257_jpg.rf.6f63b8fd63b0d875247ba0e3d776bd4f.jpg,8,0.26298418641090393,0.2159985601902008,0.4342377781867981,0.271470844745636,0.9618098139762878
000261_jpg.rf.7c97ab6d968e742c9cc124edd2630e3c.jpg,8,0.5024064779281616,0.25624504685401917,0.434079110622406,0.29081642627716064,0.9498937726020813
000267_jpg.rf.45d318ba9ef48ae9327bb408eb24438e.jpg,8,0.6667958498001099,0.4983869194984436,0.278571218252182,0.1717190444469452,0.9272655844688416
000282_jpg.rf.26ad0708d13674c6d8cfce6f6bd40cdb.jpg,8,0.49575483798980713,0.4835965931415558,0.8656830787658691,0.5489135384559631,0.965456485748291
000286_jpg.rf.48a1be45c5db5656f2bacf687164c529.jpg,11,0.38120168447494507,0.47985154390335083,0.4603821933269501,0.8475931286811829,0.8811416625976562
000286_jpg.rf.48a1be45c5db5656f2bacf687164c529.jpg,10,0.3821830153465271,0.47756361961364746,0.45937421917915344,0.8505648970603943,0.15722186863422394
000287_jpg.rf.a4143ed52df9779f0f27104daf6a8762.jpg,14,0.3364565372467041,0.47265490889549255,0.4183420240879059,0.5274675488471985,0.9474932551383972
000287_jpg.rf.a4143ed52df9779f0f27104daf6a8762.jpg,8,0.7605787515640259,0.35339096188545227,0.27742239832878113,0.34204256534576416,0.9327395558357239
000288_jpg.rf.2764018cfc726e02916e1739c8f35b5e.jpg,8,0.48128873109817505,0.6587821245193481,0.45009973645210266,0.286254346370697,0.9429295659065247
000289_jpg.rf.5bcff3507297a43a567fd64d593fd533.jpg,8,0.4920787215232849,0.27487894892692566,0.4861423969268799,0.31317219138145447,0.9486053586006165
000295_jpg.rf.3940d624bf6e15926480dad000dd8fa4.jpg,8,0.5324083566665649,0.7135417461395264,0.4988771080970764,0.35041868686676025,0.958436906337738
000300_jpg.rf.5013849426466f43fb71333c9d7e208b.jpg,10,0.29166823625564575,0.6717125773429871,0.24153432250022888,0.38157740235328674,0.9200533032417297
000300_jpg.rf.5013849426466f43fb71333c9d7e208b.jpg,1,0.914044201374054,0.339875191450119,0.009740389883518219,0.011544374749064445,0.11907496303319931
000300_jpg.rf.5013849426466f43fb71333c9d7e208b.jpg,1,0.5753653645515442,0.9036040902137756,0.07105284929275513,0.041266221553087234,0.05230734124779701
000300_jpg.rf.5013849426466f43fb71333c9d7e208b.jpg,1,0.8719424605369568,0.8304238319396973,0.03519131615757942,0.03411586582660675,0.05078762024641037
000336_jpg.rf.be0bfe39579236b8f1710a54065f106c.jpg,11,0.8410061001777649,0.2735777199268341,0.1720554679632187,0.2935318946838379,0.6814571022987366
000338_jpg.rf.69f491edc3091d390af673d2da54e080.jpg,10,0.2388462871313095,0.15901342034339905,0.06798344850540161,0.13165569305419922,0.9651115536689758
000344_jpg.rf.86a946abb84be97bc833636b8b47b779.jpg,10,0.219765305519104,0.4411456286907196,0.24304208159446716,0.3571871519088745,0.9159324169158936
000359_jpg.rf.767bed64e2ff0d34ec7b1db1d0e6c398.jpg,10,0.65887451171875,0.4177350699901581,0.32249632477760315,0.48885810375213623,0.9302560091018677
000361_jpg.rf.373518288e417cc551b309d3533c6d0f.jpg,10,0.6671277284622192,0.44439637660980225,0.350635826587677,0.4990936517715454,0.9291630983352661
000380_jpg.rf.7216ac7b95b9137ab398250ae08e026c.jpg,10,0.5537540912628174,0.4465773105621338,0.16575609147548676,0.26937103271484375,0.931437075138092
000383_jpg.rf.070efbd57b6f1e61ece84acca33ec797.jpg,10,0.599698007106781,0.4329429268836975,0.15913714468479156,0.22546857595443726,0.9283632040023804
000384_jpg.rf.0bd20cbc913cf806be9769b408f6e5d6.jpg,10,0.37571457028388977,0.3474949598312378,0.09856569021940231,0.12219539284706116,0.9322165250778198
000412_jpg.rf.4201db338b39b5c120994db37fbf058f.jpg,7,0.6395663022994995,0.41976696252822876,0.49325883388519287,0.6411816477775574,0.9549878835678101
000443_jpg.rf.a212d740b71445278e52aec90cdd3e47.jpg,7,0.6124915480613708,0.3108282685279846,0.258619099855423,0.3879915475845337,0.9295639395713806
000446_jpg.rf.6c9f95ad6ab51802829691fd907953e2.jpg,7,0.6425129175186157,0.4893929660320282,0.4426259398460388,0.6286471486091614,0.9524840712547302
000464_jpg.rf.e5b8f6d9c318c1ad7e34ee049bd64988.jpg,11,0.31819766759872437,0.2814408242702484,0.28435173630714417,0.528602123260498,0.9330722689628601
000466_jpg.rf.f609fd155d77826a456bb83ec2fba973.jpg,11,0.505689263343811,0.4446488618850708,0.3401501178741455,0.20269973576068878,0.9160040020942688
000475_jpg.rf.b44fe1a1d53315f7ff81d3bea0277189.jpg,11,0.5843192934989929,0.20943699777126312,0.2904069125652313,0.3482339382171631,0.9139304161071777
000478_jpg.rf.ea1348c002d93944315cd4db7cccc0ed.jpg,11,0.6780678033828735,0.3514344394207001,0.1940270960330963,0.2986561954021454,0.9049710035324097
000485_jpg.rf.af7e94cba40a41c54db6ce2495de5789.jpg,11,0.521447479724884,0.6430802941322327,0.15615881979465485,0.21811896562576294,0.958380401134491
000488_jpg.rf.39fb3e780926eca95137e27b755f19af.jpg,11,0.6861937642097473,0.6413297057151794,0.3611644506454468,0.23463617265224457,0.9236899018287659
000495_jpg.rf.62cc333852734fdf12c38fb00d5a8273.jpg,11,0.2258329540491104,0.5125176310539246,0.2758878767490387,0.44034343957901,0.9428573846817017
000500_jpg.rf.b742528d52c611a0eb6f2d0453a3c81a.jpg,11,0.8222201466560364,0.44033119082450867,0.09368045628070831,0.13205969333648682,0.9215676188468933
000507_jpg.rf.cef3041f8b255c4cea0070fe8e2c04e4.jpg,11,0.670533299446106,0.34407880902290344,0.34356689453125,0.27172794938087463,0.9226928949356079
000512_jpg.rf.e2e180ced9b44c98c59556fef04838bd.jpg,11,0.8311066031455994,0.19708408415317535,0.2014167606830597,0.24655772745609283,0.978304386138916
000512_jpg.rf.e2e180ced9b44c98c59556fef04838bd.jpg,11,0.37777209281921387,0.4674253761768341,0.5684539675712585,0.7083882689476013,0.951653242111206
000514_jpg.rf.b0d6f6a9a9a1c36ac223b9185a3cfed6.jpg,11,0.7136473059654236,0.26292452216148376,0.0840286836028099,0.11097116023302078,0.9312493205070496
000514_jpg.rf.b0d6f6a9a9a1c36ac223b9185a3cfed6.jpg,1,0.8051296472549438,0.02276034653186798,0.36485686898231506,0.04552069306373596,0.1383853554725647
000534_jpg.rf.fc7a9c184c96044637a59a8abbc842d2.jpg,11,0.8082932829856873,0.463030606508255,0.13401882350444794,0.18017344176769257,0.9578279256820679
000558_jpg.rf.40c69cee11121c32100bc0ec9dc29849.jpg,12,0.7925255298614502,0.35717546939849854,0.3197454512119293,0.3888893127441406,0.9388859272003174
000566_jpg.rf.85d938d7ad9b91799d8732111b98cc79.jpg,12,0.39842069149017334,0.22624720633029938,0.17909526824951172,0.27835819125175476,0.9211993217468262
000566_jpg.rf.85d938d7ad9b91799d8732111b98cc79.jpg,0,0.5796558260917664,0.6623610258102417,0.023976106196641922,0.07166290283203125,0.48711130023002625
000592_jpg.rf.7264e25a590f878fcb39467d550219de.jpg,12,0.7165746688842773,0.3821696639060974,0.4936327040195465,0.7621426582336426,0.9549093842506409
000595_jpg.rf.5b549a5e1f209899e21445383698e00d.jpg,12,0.7018183469772339,0.6886001229286194,0.3915949761867523,0.5970720052719116,0.9444845914840698
000596_jpg.rf.eb635457db0d42d1d585000296f83145.jpg,12,0.7803173065185547,0.39077281951904297,0.3901062607765198,0.7058066129684448,0.9499997496604919
000599_jpg.rf.87f4886233a457df94743a34ee410218.jpg,12,0.8070486783981323,0.24482876062393188,0.30720844864845276,0.4657747447490692,0.9449453949928284
000626_jpg.rf.844a2fbefbe88499e977a640a50441c8.jpg,12,0.506820797920227,0.24958226084709167,0.20444929599761963,0.3778652846813202,0.913118302822113
000629_jpg.rf.7fc79b6ca0f85116dc5588dd6869900c.jpg,12,0.4488510191440582,0.34244200587272644,0.4489028751850128,0.30705055594444275,0.9429125189781189
000635_jpg.rf.add3c9544fc93e8ad88fcb67fbb714cb.jpg,12,0.49217489361763,0.16403412818908691,0.10575588047504425,0.13924889266490936,0.9337671995162964
000644_jpg.rf.e150fedf356c73b528bb6943f267e094.jpg,12,0.37385427951812744,0.21026530861854553,0.3378971517086029,0.20385339856147766,0.9403130412101746
000649_jpg.rf.f86b7d2974091d1956dedec6e79cbf61.jpg,12,0.2780998647212982,0.1654377430677414,0.1160430982708931,0.15878398716449738,0.9372902512550354
000652_jpg.rf.2d13be3464e928dde8d4e3a7ed638236.jpg,12,0.6364372372627258,0.5320995450019836,0.07818589359521866,0.12144646793603897,0.9364549517631531
000654_jpg.rf.d267c50f2def671a3af6c7816a990548.jpg,12,0.45398780703544617,0.37228772044181824,0.1818256378173828,0.2818709909915924,0.9106824994087219
000656_jpg.rf.2bfcb3a401a6cd59986f442316903cca.jpg,12,0.8502380847930908,0.3457033634185791,0.22529485821723938,0.2321520745754242,0.9371366500854492
000658_jpg.rf.305458475fd66b31a8b2796cceb9f511.jpg,12,0.5643623471260071,0.4516604542732239,0.12811045348644257,0.18479612469673157,0.9207679033279419
000664_jpg.rf.882fdd90b90c7f1af1fc37a7467443cf.jpg,12,0.22817282378673553,0.7247886657714844,0.2368997484445572,0.304125040769577,0.9371647834777832
000664_jpg.rf.882fdd90b90c7f1af1fc37a7467443cf.jpg,9,0.237432599067688,0.33346468210220337,0.2345200479030609,0.30913597345352173,0.9106979966163635
000670_jpg.rf.9b82f265d8e858e1ac239f550bb09315.jpg,12,0.7865837216377258,0.25502219796180725,0.2537454664707184,0.3676028847694397,0.9320489168167114
000680_jpg.rf.10f9a8b0c68fd4c3a3f991673e8be240.jpg,12,0.7883727550506592,0.31832191348075867,0.31186604499816895,0.4010496437549591,0.9419665932655334
000684_jpg.rf.da8d58e5754b48f640c2521ce190912e.jpg,12,0.3737211227416992,0.4508844017982483,0.5796165466308594,0.7193740010261536,0.9412168264389038
000684_jpg.rf.da8d58e5754b48f640c2521ce190912e.jpg,12,0.8316784501075745,0.19155506789684296,0.20351850986480713,0.2531818449497223,0.8971285820007324
000689_jpg.rf.e7eb671b04e54cabccbc491dc3087e13.jpg,12,0.4974909722805023,0.4939298927783966,0.32371023297309875,0.5818349719047546,0.9448090195655823
000695_jpg.rf.5433ef9bdff69bb898a98f69af622064.jpg,12,0.223629429936409,0.3248220682144165,0.2014630138874054,0.29198119044303894,0.9261453747749329
000700_jpg.rf.4abc8faa3c8f0970d53095fa9218cf8a.jpg,13,0.9100983142852783,0.5489619374275208,0.07853405922651291,0.12407685071229935,0.9267887473106384
000703_jpg.rf.2999e1a86a880c30b97644b227648d36.jpg,13,0.49719420075416565,0.3735986351966858,0.5002189874649048,0.5720592141151428,0.9774008393287659
000711_jpg.rf.0a584e00809f5da1be911472ba1f8e7b.jpg,13,0.9200974106788635,0.5956897735595703,0.06318576633930206,0.11114326119422913,0.9207949638366699
000711_jpg.rf.0a584e00809f5da1be911472ba1f8e7b.jpg,12,0.07996487617492676,0.5527067184448242,0.038874439895153046,0.06659089773893356,0.38547903299331665
000713_jpg.rf.ea540b12ec46dd3f2dad786ab321c3a3.jpg,7,0.5255176424980164,0.4550343453884125,0.3243299722671509,0.24263250827789307,0.9341872334480286
000722_jpg.rf.9bee48a5dc22112fb5a705192fd54d45.jpg,8,0.5020659565925598,0.6259497404098511,0.16008825600147247,0.1938137710094452,0.9329025149345398
000722_jpg.rf.9bee48a5dc22112fb5a705192fd54d45.jpg,11,0.5046497583389282,0.325094610452652,0.16620738804340363,0.23337040841579437,0.11242477595806122
000729_jpg.rf.7b1a28094ac79f94f38e0ca9d4037037.jpg,12,0.8599231839179993,0.2422856241464615,0.261138916015625,0.4214862883090973,0.9348235130310059
000735_jpg.rf.8927d1a7914f3b404d59d7afb8238ce4.jpg,13,0.5411380529403687,0.28647053241729736,0.20706617832183838,0.3646303415298462,0.9768641591072083
000736_jpg.rf.228d17ea85d8e4b2f1fd5a1fec7582d9.jpg,13,0.4437035620212555,0.25526753067970276,0.24563314020633698,0.16190162301063538,0.9665307998657227
000736_jpg.rf.228d17ea85d8e4b2f1fd5a1fec7582d9.jpg,11,0.4523288309574127,0.4185105264186859,0.24616682529449463,0.1575615257024765,0.9114748239517212
000741_jpg.rf.48077831b42aa2a01691cd30be5da048.jpg,13,0.6753072142601013,0.33337336778640747,0.397611528635025,0.6627336740493774,0.946557343006134
000753_jpg.rf.23d05489386c3399c5d26ac779015d26.jpg,13,0.6479014754295349,0.7374499440193176,0.10607866197824478,0.15767376124858856,0.9300110936164856
000762_jpg.rf.ea6102293c9b38d9f90158f1a4cc33f7.jpg,13,0.6777186393737793,0.4082784950733185,0.20780490338802338,0.26574429869651794,0.904503345489502
000763_jpg.rf.6018d10dd3889ec0579a386c052fb6ff.jpg,13,0.4611334204673767,0.31952887773513794,0.08417826890945435,0.15026290714740753,0.8856710195541382
000769_jpg.rf.1df4a76b3e7055f19fd63f71a3d4ab3f.jpg,13,0.7876330614089966,0.494745135307312,0.27257201075553894,0.20861715078353882,0.9251232743263245
000783_jpg.rf.0f12070feb6f7bc91c48aa93a65d2e93.jpg,13,0.6473725438117981,0.2643790543079376,0.24647817015647888,0.449271023273468,0.9825332760810852
000786_jpg.rf.60798d12643d9be450731115c76bd86c.jpg,13,0.7868397235870361,0.10033416002988815,0.13432487845420837,0.13374821841716766,0.9296782612800598
000790_jpg.rf.ddb1d679830f7cafbcbec2013a6ff2fc.jpg,13,0.7660691738128662,0.09272658079862595,0.230121910572052,0.16488981246948242,0.8867241144180298
000790_jpg.rf.ddb1d679830f7cafbcbec2013a6ff2fc.jpg,1,0.7895544171333313,0.9802241921424866,0.08583978563547134,0.039551664143800735,0.07517291605472565
000792_jpg.rf.3899b0ef3229b4f18a7954698cc40c92.jpg,0,0.36797624826431274,0.23548878729343414,0.014257137663662434,0.0651918575167656,0.7611626982688904
000792_jpg.rf.3899b0ef3229b4f18a7954698cc40c92.jpg,1,0.012527509592473507,0.5286919474601746,0.016921773552894592,0.07045100629329681,0.41891345381736755
000792_jpg.rf.3899b0ef3229b4f18a7954698cc40c92.jpg,1,0.3416626453399658,0.23679664731025696,0.014622322283685207,0.06670438498258591,0.37831148505210876
000792_jpg.rf.3899b0ef3229b4f18a7954698cc40c92.jpg,1,0.21111176908016205,0.5343058109283447,0.022630104795098305,0.0795329213142395,0.3675462603569031
000792_jpg.rf.3899b0ef3229b4f18a7954698cc40c92.jpg,0,0.6000422835350037,0.2622544765472412,0.014510008506476879,0.053764089941978455,0.18719607591629028
000792_jpg.rf.3899b0ef3229b4f18a7954698cc40c92.jpg,0,0.5899750590324402,0.2622920572757721,0.014747620560228825,0.055779166519641876,0.08289871364831924
000797_jpg.rf.3d78d9d11140e03357ddde30e7e7e98e.jpg,7,0.5222902297973633,0.45949679613113403,0.32652899622917175,0.5924831032752991,0.9443978071212769
000808_jpg.rf.8007590175a593bc5b4408a31ade3f3a.jpg,0,0.5447989702224731,0.2364938110113144,0.018105948343873024,0.06665164232254028,0.7926432490348816
000808_jpg.rf.8007590175a593bc5b4408a31ade3f3a.jpg,0,0.36281469464302063,0.25017035007476807,0.015612822957336903,0.06415338069200516,0.08706528693437576
000808_jpg.rf.8007590175a593bc5b4408a31ade3f3a.jpg,1,0.3631274402141571,0.2500053942203522,0.016187667846679688,0.06352102011442184,0.05586807057261467
000809_jpg.rf.dcd99922c592f3b634ddb443bf40dce1.jpg,1,0.338367760181427,0.15202991664409637,0.023606007918715477,0.09180883318185806,0.7553822994232178
000809_jpg.rf.dcd99922c592f3b634ddb443bf40dce1.jpg,1,0.5512305498123169,0.1271539032459259,0.01948268711566925,0.09078451991081238,0.7543727159500122
000809_jpg.rf.dcd99922c592f3b634ddb443bf40dce1.jpg,8,0.5771056413650513,0.13445229828357697,0.02679450809955597,0.06117422878742218,0.41834717988967896
000809_jpg.rf.dcd99922c592f3b634ddb443bf40dce1.jpg,7,0.6268138885498047,0.2993147075176239,0.02672797068953514,0.04662726819515228,0.3811185657978058
000809_jpg.rf.dcd99922c592f3b634ddb443bf40dce1.jpg,1,0.8323706984519958,0.2785140872001648,0.01993267424404621,0.06310231983661652,0.36705291271209717
000809_jpg.rf.dcd99922c592f3b634ddb443bf40dce1.jpg,1,0.8227143883705139,0.03871680423617363,0.02708200365304947,0.07632263004779816,0.31575408577919006
000809_jpg.rf.dcd99922c592f3b634ddb443bf40dce1.jpg,1,0.8279222846031189,0.15065401792526245,0.026632750406861305,0.08773079514503479,0.15301434695720673
000809_jpg.rf.dcd99922c592f3b634ddb443bf40dce1.jpg,9,0.6268852353096008,0.299990177154541,0.027149934321641922,0.04711815342307091,0.1440281867980957
000809_jpg.rf.dcd99922c592f3b634ddb443bf40dce1.jpg,7,0.5750063061714172,0.12825343012809753,0.031571757048368454,0.07857447862625122,0.13976368308067322
000811_jpg.rf.142d78a345147dc179446aa8ec1191ce.jpg,1,0.3047254979610443,0.2868778705596924,0.013428174890577793,0.050852373242378235,0.7249739170074463
000811_jpg.rf.142d78a345147dc179446aa8ec1191ce.jpg,1,0.5020917654037476,0.28416281938552856,0.015083753503859043,0.05154191702604294,0.38318949937820435
000811_jpg.rf.142d78a345147dc179446aa8ec1191ce.jpg,1,0.30889248847961426,0.28725939989089966,0.016838515177369118,0.05006606876850128,0.1279456466436386
000811_jpg.rf.142d78a345147dc179446aa8ec1191ce.jpg,7,0.4748701751232147,0.2888108193874359,0.014807628467679024,0.029459403827786446,0.07207539677619934
000815_jpg.rf.29afabe5f464c19bf77856ba5a90bd1e.jpg,8,0.6448841094970703,0.5731808543205261,0.21056543290615082,0.30727535486221313,0.9438261389732361
000822_jpg.rf.63b8e6ec737487b4e7e9e2ed48754226.jpg,13,0.6475561857223511,0.7366904020309448,0.10636579245328903,0.1589604914188385,0.9423531293869019
000825_jpg.rf.dd850d3ac847bd61179c2191ebc02b37.jpg,1,0.31137365102767944,0.2639768719673157,0.011913575232028961,0.04441118240356445,0.5544002652168274
000825_jpg.rf.dd850d3ac847bd61179c2191ebc02b37.jpg,1,0.2840953469276428,0.2654658854007721,0.011750001460313797,0.04695921763777733,0.4507257640361786
000825_jpg.rf.dd850d3ac847bd61179c2191ebc02b37.jpg,1,0.6193604469299316,0.24360007047653198,0.014655224047601223,0.016682809218764305,0.34392401576042175
000825_jpg.rf.dd850d3ac847bd61179c2191ebc02b37.jpg,1,0.45274993777275085,0.47449225187301636,0.013476885855197906,0.04129454120993614,0.2982851266860962
000825_jpg.rf.dd850d3ac847bd61179c2191ebc02b37.jpg,1,0.5349664092063904,0.47238263487815857,0.012678440660238266,0.035477567464113235,0.29058143496513367
000825_jpg.rf.dd850d3ac847bd61179c2191ebc02b37.jpg,1,0.6358949542045593,0.2428525984287262,0.03080514818429947,0.01804744265973568,0.25603315234184265
000825_jpg.rf.dd850d3ac847bd61179c2191ebc02b37.jpg,1,0.636424720287323,0.44643858075141907,0.015639379620552063,0.021033508703112602,0.171006441116333
000825_jpg.rf.dd850d3ac847bd61179c2191ebc02b37.jpg,1,0.6907674074172974,0.46319472789764404,0.016287436708807945,0.02274850755929947,0.12170767784118652
000825_jpg.rf.dd850d3ac847bd61179c2191ebc02b37.jpg,1,0.4943924844264984,0.39498549699783325,0.016191337257623672,0.011571151204407215,0.07467900961637497
000831_jpg.rf.09392428bf69f0de8c937caec3590319.jpg,7,0.506569504737854,0.38634029030799866,0.08374772220849991,0.17104309797286987,0.9564045667648315
000831_jpg.rf.09392428bf69f0de8c937caec3590319.jpg,9,0.5064486861228943,0.16358831524848938,0.0824337750673294,0.16730690002441406,0.8911758661270142
000833_jpg.rf.a774fb7c4620c050e43d66a0062137af.jpg,11,0.7392927408218384,0.44418975710868835,0.07433789223432541,0.15958097577095032,0.9011074900627136
000836_jpg.rf.c262dc2f875c2d27c5358091bec7f23c.jpg,13,0.8796077966690063,0.13630780577659607,0.13653624057769775,0.2546844184398651,0.9265019297599792
000836_jpg.rf.c262dc2f875c2d27c5358091bec7f23c.jpg,9,0.42147132754325867,0.7732011675834656,0.03442925959825516,0.056898560374975204,0.1011037528514862
000841_jpg.rf.82ac37a263cc3771094f878f75519d3c.jpg,7,0.7107481956481934,0.6121637225151062,0.2805418074131012,0.4239768385887146,0.9369753003120422
000854_JPG_jpg.rf.c2dbb2abedf6e49d74effc7a8945ed99.jpg,0,0.0353638157248497,0.4186535179615021,0.0707276314496994,0.03537486121058464,0.8080649375915527
000854_JPG_jpg.rf.c2dbb2abedf6e49d74effc7a8945ed99.jpg,0,0.8352466225624084,0.30600085854530334,0.08512702584266663,0.036548249423503876,0.7645613551139832
000854_JPG_jpg.rf.c2dbb2abedf6e49d74effc7a8945ed99.jpg,14,0.18845954537391663,0.4802115261554718,0.05293332785367966,0.07301272451877594,0.3070255517959595
000854_JPG_jpg.rf.c2dbb2abedf6e49d74effc7a8945ed99.jpg,0,0.6026092767715454,0.30341312289237976,0.02576461248099804,0.1243937611579895,0.2206857055425644
000854_JPG_jpg.rf.c2dbb2abedf6e49d74effc7a8945ed99.jpg,0,0.5503875613212585,0.5608839392662048,0.010049233213067055,0.03131154924631119,0.07359984517097473
000854_JPG_jpg.rf.c2dbb2abedf6e49d74effc7a8945ed99.jpg,0,0.2248753160238266,0.6236538887023926,0.028512075543403625,0.02490084059536457,0.06419650465250015
000860_jpg.rf.96ab0958df78e7af07071f6d1dd7b6e6.jpg,1,0.2931918799877167,0.22059756517410278,0.011057047173380852,0.057819150388240814,0.6770640015602112
000860_jpg.rf.96ab0958df78e7af07071f6d1dd7b6e6.jpg,1,0.7198643684387207,0.2105986773967743,0.011810890398919582,0.05390486493706703,0.5486635565757751
000860_jpg.rf.96ab0958df78e7af07071f6d1dd7b6e6.jpg,1,0.258127361536026,0.22152629494667053,0.012475087307393551,0.05471860617399216,0.3541199862957001
000860_jpg.rf.96ab0958df78e7af07071f6d1dd7b6e6.jpg,1,0.68628990650177,0.20508220791816711,0.011271990835666656,0.04201727733016014,0.3466063141822815
000866_JPG_jpg.rf.585d575b53d2e6e316c8abb2d07e4c17.jpg,0,0.36658141016960144,0.2876427173614502,0.10620396584272385,0.04758259281516075,0.7859378457069397
000867_JPG_jpg.rf.0961b153fd2cdd7f71455ca70b9226fc.jpg,0,0.3721899688243866,0.11788977682590485,0.14184162020683289,0.05816346034407616,0.7935189604759216
000872_JPG_jpg.rf.618811525dae8c1799c5093046e551c5.jpg,0,0.520944356918335,0.2103806734085083,0.08951657265424728,0.047166239470243454,0.7729153633117676
000872_JPG_jpg.rf.618811525dae8c1799c5093046e551c5.jpg,0,0.4144134819507599,0.37958139181137085,0.041973114013671875,0.02097335271537304,0.5381430387496948
000872_JPG_jpg.rf.618811525dae8c1799c5093046e551c5.jpg,0,0.20489652454853058,0.40675869584083557,0.031561192125082016,0.01850876584649086,0.3459923267364502
000872_JPG_jpg.rf.618811525dae8c1799c5093046e551c5.jpg,0,0.12350592762231827,0.4166979491710663,0.0355658195912838,0.018930582329630852,0.11252469569444656
000872_JPG_jpg.rf.618811525dae8c1799c5093046e551c5.jpg,0,0.19572089612483978,0.4084114730358124,0.04938243329524994,0.022368066012859344,0.06378312408924103
000883_JPG_jpg.rf.bcfbe7999ec1b4e660a155e0e145e234.jpg,0,0.30264589190483093,0.22257152199745178,0.08341620862483978,0.04562308266758919,0.7982016801834106
000887_jpg.rf.307baae87436b41df5a8a47635940201.jpg,1,0.5123583078384399,0.21981163322925568,0.012114598415791988,0.05393153056502342,0.7972173690795898
000887_jpg.rf.307baae87436b41df5a8a47635940201.jpg,1,0.32976284623146057,0.2459864765405655,0.0137505903840065,0.05206207185983658,0.7082448601722717
000897_JPG_jpg.rf.d8616645e7ae5a674caf3f2e17dab345.jpg,0,0.5011327862739563,0.15588019788265228,0.15035483241081238,0.06944432854652405,0.8246532082557678
000898_JPG_jpg.rf.89de33253d01e0308735dc746aa4977f.jpg,0,0.48117104172706604,0.276064932346344,0.07179275155067444,0.032614417374134064,0.7681835889816284
000899_JPG_jpg.rf.44b9967b6405c6ad4f9ad7dfa2ad610d.jpg,0,0.6497792601585388,0.3137904703617096,0.10108188539743423,0.04170696809887886,0.8174386024475098
000902_jpg.rf.f1be11af53a854bf0f07539ef71bfab7.jpg,1,0.5279313325881958,0.21761642396450043,0.01058050338178873,0.04752423241734505,0.6188773512840271
000902_jpg.rf.f1be11af53a854bf0f07539ef71bfab7.jpg,1,0.5416051149368286,0.215837299823761,0.012964102439582348,0.045665740966796875,0.20168359577655792
000902_jpg.rf.f1be11af53a854bf0f07539ef71bfab7.jpg,0,0.29470381140708923,0.4080786406993866,0.011399342678487301,0.018340332433581352,0.10768680274486542
000908_JPG_jpg.rf.d4876c6a6657b36ba6b1c1626df8123d.jpg,0,0.20050743222236633,0.16107478737831116,0.1011384055018425,0.057587333023548126,0.8372881412506104
000908_JPG_jpg.rf.d4876c6a6657b36ba6b1c1626df8123d.jpg,1,0.25607383251190186,0.2784903645515442,0.05557577684521675,0.13920211791992188,0.20589682459831238
000922_JPG_jpg.rf.143f5b1a97d934ec4a71114055fa5a0b.jpg,0,0.5314192771911621,0.15267549455165863,0.25618788599967957,0.07767534255981445,0.8451811671257019
000922_JPG_jpg.rf.143f5b1a97d934ec4a71114055fa5a0b.jpg,0,0.6216395497322083,0.7350109219551086,0.05030867084860802,0.022013738751411438,0.08814588189125061
000923_JPG_jpg.rf.f4e893778e08329a2b43abaef002f29e.jpg,0,0.3098529875278473,0.24927788972854614,0.07424679398536682,0.040754467248916626,0.8245545029640198
000934_JPG_jpg.rf.81031f117e2b4ac8b19c0cbe3bdd1d99.jpg,0,0.39020565152168274,0.16184797883033752,0.12071316689252853,0.057292427867650986,0.8855433464050293
000934_JPG_jpg.rf.81031f117e2b4ac8b19c0cbe3bdd1d99.jpg,0,0.6229926347732544,0.4839395582675934,0.041901517659425735,0.021532058715820312,0.703985869884491
000935_jpg.rf.a73778e8e15369b4706431ac25671fb4.jpg,0,0.5314399600028992,0.31238308548927307,0.010043437592685223,0.03595442324876785,0.603047788143158
000935_jpg.rf.a73778e8e15369b4706431ac25671fb4.jpg,0,0.5050347447395325,0.3144509494304657,0.009284826926887035,0.03363477438688278,0.5467466711997986
000936_jpg.rf.66c50dea6603f9ecc83f8b79c88a2f54.jpg,8,0.6573507189750671,0.9478096961975098,0.022271670401096344,0.0480852872133255,0.6808475255966187
000936_jpg.rf.66c50dea6603f9ecc83f8b79c88a2f54.jpg,1,0.6328368782997131,0.957587480545044,0.016147613525390625,0.07181666791439056,0.5214318633079529
000936_jpg.rf.66c50dea6603f9ecc83f8b79c88a2f54.jpg,1,0.592844545841217,0.96103835105896,0.019346237182617188,0.07469456642866135,0.4240357577800751
000938_JPG_jpg.rf.bf51e9c0b4a1d133c3e73bf56c2d2062.jpg,0,0.36257579922676086,0.19379206001758575,0.11854465305805206,0.06304910033941269,0.8474868535995483
000941_JPG_jpg.rf.9afc696caf8c7db27bf2134dd5660a27.jpg,0,0.3705008029937744,0.18204458057880402,0.1059916615486145,0.0547143891453743,0.8422814607620239
000941_JPG_jpg.rf.9afc696caf8c7db27bf2134dd5660a27.jpg,0,0.19545996189117432,0.3180403411388397,0.06850037723779678,0.03474228456616402,0.8327943682670593
000944_JPG_jpg.rf.a0b81118199b4d11ccb859c15d0cb1f6.jpg,0,0.29276686906814575,0.10192757844924927,0.15568958222866058,0.06706941872835159,0.861101508140564
000944_JPG_jpg.rf.a0b81118199b4d11ccb859c15d0cb1f6.jpg,0,0.44825997948646545,0.3815504312515259,0.077488973736763,0.035058096051216125,0.783218264579773
000944_JPG_jpg.rf.a0b81118199b4d11ccb859c15d0cb1f6.jpg,0,0.6402122974395752,0.5225290060043335,0.048445191234350204,0.020198529586195946,0.5933808088302612
000944_JPG_jpg.rf.a0b81118199b4d11ccb859c15d0cb1f6.jpg,0,0.4841141402721405,0.4438549280166626,0.08599046617746353,0.026266245171427727,0.4272924065589905
000944_JPG_jpg.rf.a0b81118199b4d11ccb859c15d0cb1f6.jpg,1,0.22601689398288727,0.8450499773025513,0.07101807743310928,0.03681241720914841,0.3202088177204132
000945_JPG_jpg.rf.ad79e318355923e68a10f1678fe9b6bf.jpg,0,0.5290654301643372,0.6052051782608032,0.1496972292661667,0.05831337347626686,0.8883562684059143
000945_JPG_jpg.rf.ad79e318355923e68a10f1678fe9b6bf.jpg,0,0.22332943975925446,0.13300807774066925,0.29865846037864685,0.1092638298869133,0.8768335580825806
000945_JPG_jpg.rf.ad79e318355923e68a10f1678fe9b6bf.jpg,0,0.8994529843330383,0.8511813282966614,0.10860634595155716,0.031431347131729126,0.7561318278312683
000945_JPG_jpg.rf.ad79e318355923e68a10f1678fe9b6bf.jpg,0,0.5961390733718872,0.712425708770752,0.1730339378118515,0.04387841001152992,0.5821846127510071
000945_JPG_jpg.rf.ad79e318355923e68a10f1678fe9b6bf.jpg,1,0.29477086663246155,0.34448888897895813,0.03888794407248497,0.01800485886633396,0.06058446317911148
000946_jpg.rf.18bf1b977f56cc49545942b86ac7c739.jpg,0,0.5252929925918579,0.8466300368309021,0.02536487765610218,0.10287784039974213,0.7912909388542175
000946_jpg.rf.18bf1b977f56cc49545942b86ac7c739.jpg,0,0.07389863580465317,0.877321720123291,0.020580925047397614,0.09476104378700256,0.7572814226150513
000946_jpg.rf.18bf1b977f56cc49545942b86ac7c739.jpg,8,0.5753823518753052,0.8454195261001587,0.03162061423063278,0.06971051543951035,0.30164724588394165
000946_jpg.rf.18bf1b977f56cc49545942b86ac7c739.jpg,8,0.0446084588766098,0.877877414226532,0.0293081384152174,0.08579356968402863,0.07071100920438766
000946_JPG_jpg.rf.d747fd05b21ff8ac85c05629986ae344.jpg,9,0.06215390935540199,0.1828044056892395,0.0646076425909996,0.07053466886281967,0.9252049922943115
000946_JPG_jpg.rf.d747fd05b21ff8ac85c05629986ae344.jpg,0,0.4004104435443878,0.22340823709964752,0.10873721539974213,0.05317853391170502,0.8252970576286316
000946_JPG_jpg.rf.d747fd05b21ff8ac85c05629986ae344.jpg,0,0.4099513292312622,0.5086594820022583,0.032072730362415314,0.012830954976379871,0.12676019966602325
000949_JPG_jpg.rf.dffe53a303ce089bd4001a13de0cc7bd.jpg,0,0.279996782541275,0.13324527442455292,0.3252834379673004,0.13587559759616852,0.895193338394165
000954_JPG_jpg.rf.2633035aaeb19e6f2005bf2f8f5d3ebd.jpg,0,0.475286066532135,0.24792809784412384,0.12162517011165619,0.0536671057343483,0.8462774753570557
000954_JPG_jpg.rf.2633035aaeb19e6f2005bf2f8f5d3ebd.jpg,0,0.40435853600502014,0.5898305177688599,0.03233909606933594,0.023749940097332,0.2309999018907547
000954_JPG_jpg.rf.2633035aaeb19e6f2005bf2f8f5d3ebd.jpg,1,0.39955374598503113,0.5888717770576477,0.042870890349149704,0.026084093376994133,0.0586262121796608
000959_jpg.rf.5bf1b1614cead2ae3ed908c0373143c1.jpg,0,0.3877456486225128,0.2970028817653656,0.01313532330095768,0.046876322478055954,0.6187066435813904
000959_jpg.rf.5bf1b1614cead2ae3ed908c0373143c1.jpg,0,0.5174962878227234,0.28898727893829346,0.015816321596503258,0.04818674549460411,0.6130533218383789
000959_jpg.rf.5bf1b1614cead2ae3ed908c0373143c1.jpg,0,0.839607298374176,0.3288499414920807,0.014125530607998371,0.07478363811969757,0.2411663830280304
000959_jpg.rf.5bf1b1614cead2ae3ed908c0373143c1.jpg,1,0.5954633355140686,0.45469096302986145,0.02095251902937889,0.049602288752794266,0.08626940846443176
000961_jpg.rf.805df5d6f453caa3c1fa8a87893ec991.jpg,0,0.5286160707473755,0.2629886269569397,0.014747473411262035,0.04934098199009895,0.7603066563606262
000961_jpg.rf.805df5d6f453caa3c1fa8a87893ec991.jpg,0,0.4354030191898346,0.26569533348083496,0.01659129187464714,0.05351301655173302,0.7347452640533447
000966_JPG_jpg.rf.87fa55fbebc4989000b890b88765c712.jpg,0,0.26668864488601685,0.12571483850479126,0.09050706773996353,0.05473606660962105,0.8277055025100708
000967_jpg.rf.c03a4af67b2c09d534327ef7de40de4c.jpg,1,0.6412795186042786,0.09748563915491104,0.024054015055298805,0.10141132771968842,0.8415794372558594
000967_jpg.rf.c03a4af67b2c09d534327ef7de40de4c.jpg,1,0.8074828386306763,0.09219729900360107,0.022809837013483047,0.0991099625825882,0.5581070780754089
000967_jpg.rf.c03a4af67b2c09d534327ef7de40de4c.jpg,1,0.22656124830245972,0.3133164346218109,0.011877757497131824,0.04208464175462723,0.0785694420337677
000983_JPG_jpg.rf.435a52389bec50fc37b8d83dc287f3ed.jpg,0,0.5895861387252808,0.0602496974170208,0.2905069589614868,0.08255170285701752,0.7953367829322815
000983_JPG_jpg.rf.435a52389bec50fc37b8d83dc287f3ed.jpg,0,0.25136929750442505,0.4235687851905823,0.09573929756879807,0.0340447798371315,0.7174296379089355
000985_JPG_jpg.rf.858faffcae4167e233b829d2f744f34f.jpg,0,0.3182313144207001,0.1140345111489296,0.13565385341644287,0.05593901500105858,0.8553422093391418
000989_JPG_jpg.rf.190d2ec887677882e3d1c869a542aa26.jpg,0,0.4179397225379944,0.15548324584960938,0.19295825064182281,0.08114198595285416,0.8672268986701965
000989_JPG_jpg.rf.190d2ec887677882e3d1c869a542aa26.jpg,0,0.2730383276939392,0.5808020830154419,0.03452983498573303,0.018972251564264297,0.5107407569885254
000989_JPG_jpg.rf.190d2ec887677882e3d1c869a542aa26.jpg,0,0.8212535381317139,0.5425538420677185,0.05245883762836456,0.019267303869128227,0.3254774212837219
000989_JPG_jpg.rf.190d2ec887677882e3d1c869a542aa26.jpg,1,0.7156230211257935,0.3726142644882202,0.01373555138707161,0.01977568492293358,0.12647418677806854
000994_jpg.rf.a4d87f8cd54a7a19e0081461e279a335.jpg,0,0.457420289516449,0.8613594174385071,0.03263077512383461,0.13292284309864044,0.8004981875419617
000994_jpg.rf.a4d87f8cd54a7a19e0081461e279a335.jpg,0,0.007748165167868137,0.8794240355491638,0.015496330335736275,0.11850240081548691,0.7358672618865967
001000_jpg.rf.55d2c5392c587e099e386a6406bff14f.jpg,3,0.20492373406887054,0.28329363465309143,0.21165235340595245,0.3762878477573395,0.9200310707092285
001004_jpg.rf.b5403b891cecfc5231ff9ef14b3534ae.jpg,3,0.49884918332099915,0.39616715908050537,0.27646130323410034,0.20580175518989563,0.9542081356048584
001014_jpg.rf.b5f73c9eb6dc1a27fd9ec0323fb5d210.jpg,3,0.2936464846134186,0.21842442452907562,0.20290276408195496,0.3308238089084625,0.9513618350028992
001019_jpg.rf.c53eaf43c583c2bdb0f57c91179329f9.jpg,0,0.165213942527771,0.13510935008525848,0.02658609300851822,0.11648505181074142,0.7930684089660645
001019_jpg.rf.c53eaf43c583c2bdb0f57c91179329f9.jpg,0,0.5590065717697144,0.10907799750566483,0.029199674725532532,0.11800310015678406,0.7379095554351807
001023_jpg.rf.f7de58bb03c2e2a346432baa358b4c3e.jpg,3,0.29343920946121216,0.2773755192756653,0.2008841633796692,0.2505214512348175,0.9538733959197998
001028_jpg.rf.7a77036407cf037c2415b436fde7826b.jpg,3,0.7408061623573303,0.2123614102602005,0.11672372370958328,0.15739448368549347,0.9502889513969421
001031_jpg.rf.2b5fd42d6b8a7d445183a468803e57b9.jpg,3,0.5412259101867676,0.3485947847366333,0.18032103776931763,0.2775110900402069,0.9564421772956848
001035_jpg.rf.8bb44e874531b88eb7bdff9082c78a43.jpg,3,0.6104336977005005,0.4428427219390869,0.3874475955963135,0.5352956652641296,0.951329231262207
001049_jpg.rf.e527b2a1edfb88b1fbfb9542d33a9a27.jpg,0,0.33243873715400696,0.1872861087322235,0.01821349374949932,0.07628312706947327,0.7743788361549377
001049_jpg.rf.e527b2a1edfb88b1fbfb9542d33a9a27.jpg,0,0.5564848184585571,0.1683216691017151,0.018369968980550766,0.07868268340826035,0.7691102027893066
001049_jpg.rf.e527b2a1edfb88b1fbfb9542d33a9a27.jpg,0,0.9746409058570862,0.2710854113101959,0.016693115234375,0.05093647912144661,0.26436078548431396
001049_jpg.rf.e527b2a1edfb88b1fbfb9542d33a9a27.jpg,3,0.01900579407811165,0.3601880967617035,0.0380115881562233,0.05448928475379944,0.25110140442848206
001051_jpg.rf.bb8152d7d7c35ed73bfc9239185f9087.jpg,12,0.6914737820625305,0.2632807195186615,0.0677475556731224,0.09624730795621872,0.8829573392868042
001051_jpg.rf.bb8152d7d7c35ed73bfc9239185f9087.jpg,3,0.47287100553512573,0.2685858905315399,0.06337253749370575,0.09981203079223633,0.8421373963356018
001051_jpg.rf.bb8152d7d7c35ed73bfc9239185f9087.jpg,3,0.2526794970035553,0.2729725241661072,0.06352696567773819,0.10091598331928253,0.8307785987854004
001057_jpg.rf.0d8f858b7a9c12830691348e2ae306af.jpg,3,0.40502679347991943,0.2861465811729431,0.49850577116012573,0.28521355986595154,0.9577445983886719
001059_jpg.rf.2b325fd15e28d0c622610dea63c2c12f.jpg,3,0.2578382194042206,0.5813905000686646,0.18743310868740082,0.2845759093761444,0.9569399356842041
001066_jpg.rf.c55d7313f5d62858191ae315c7fada73.jpg,1,0.35025525093078613,0.1547374427318573,0.020844826474785805,0.08333844691514969,0.7750148177146912
001066_jpg.rf.c55d7313f5d62858191ae315c7fada73.jpg,1,0.5430396199226379,0.13247039914131165,0.016702651977539062,0.07978116720914841,0.6181246638298035
001066_jpg.rf.c55d7313f5d62858191ae315c7fada73.jpg,1,0.7914513945579529,0.26662707328796387,0.01356110256165266,0.04898907616734505,0.4033772647380829
001066_jpg.rf.c55d7313f5d62858191ae315c7fada73.jpg,1,0.8028820157051086,0.03410326689481735,0.026828620582818985,0.0682065337896347,0.36528685688972473
001066_jpg.rf.c55d7313f5d62858191ae315c7fada73.jpg,1,0.024515219032764435,0.32989856600761414,0.009116388857364655,0.040513258427381516,0.2537632882595062
001066_jpg.rf.c55d7313f5d62858191ae315c7fada73.jpg,8,0.5667932033538818,0.1376759111881256,0.022650426253676414,0.05171497166156769,0.22967959940433502
001068_jpg.rf.371ec28b0d2bbbd16c8a645be41f5a76.jpg,1,0.1983480006456375,0.10835662484169006,0.025948159396648407,0.10484839230775833,0.8190214037895203
001068_jpg.rf.371ec28b0d2bbbd16c8a645be41f5a76.jpg,1,0.5544130206108093,0.09020522981882095,0.022410614416003227,0.09883763641119003,0.811984121799469
001082_jpg.rf.6b7fc1c9648c1a3494a137ffa3664be1.jpg,3,0.7407534718513489,0.21490338444709778,0.11567805707454681,0.16399621963500977,0.9524579644203186
001089_jpg.rf.004c591c5855cf05e2198a5e21c8ab56.jpg,3,0.5063520073890686,0.6814215183258057,0.22890253365039825,0.4243778884410858,0.9250726699829102
001089_jpg.rf.004c591c5855cf05e2198a5e21c8ab56.jpg,0,0.4664073884487152,0.29033079743385315,0.11136451363563538,0.2731458246707916,0.05944983661174774
001097_jpg.rf.76b13f1ce839d7102e9a683f6959a3e6.jpg,3,0.3949970602989197,0.4600653350353241,0.6130576133728027,0.7837310433387756,0.9467478394508362
001214_jpg.rf.85dbeddc5609d79293b1f979131a9f35.jpg,4,0.481065034866333,0.3630673885345459,0.49943751096725464,0.334326833486557,0.9615334272384644
001223_jpg.rf.cd973e1db0f78ec16c70d7af43fc4511.jpg,4,0.33334895968437195,0.5340147018432617,0.2899550795555115,0.3945654630661011,0.962752640247345
001228_jpg.rf.f4f7bc0b74a46e26c75aed78c39b41e5.jpg,4,0.31409379839897156,0.2825339734554291,0.2246546447277069,0.4160471260547638,0.9801545739173889
001229_jpg.rf.3174ec6dbfe9e8ee6ab16906d969ae8d.jpg,4,0.3332235813140869,0.5340933799743652,0.2898276448249817,0.3914920389652252,0.9567000269889832
001247_jpg.rf.986fd924de123c95a8e6bbcc765d4c10.jpg,4,0.29158154129981995,0.4775656759738922,0.49656224250793457,0.9056935906410217,0.9673238396644592
001250_jpg.rf.157a04c81cbb47009538b4880d0004c9.jpg,4,0.4937784671783447,0.4605495035648346,0.43033909797668457,0.6134665608406067,0.9705346822738647
001256_jpg.rf.204fbb92b5dc59d697bf04b2682485e2.jpg,4,0.5675555467605591,0.379570871591568,0.29615169763565063,0.3840542733669281,0.963304877281189
001259_jpg.rf.b55c7e7dacc1e607f8e69b2a5cc36568.jpg,4,0.533428966999054,0.5160616040229797,0.3315140902996063,0.5097367167472839,0.9893468022346497
001261_jpg.rf.7b5bf5841b26d8966d6081fbc704dbf7.jpg,4,0.47078874707221985,0.2745687961578369,0.13105452060699463,0.09350299835205078,0.6398112177848816
001261_jpg.rf.7b5bf5841b26d8966d6081fbc704dbf7.jpg,3,0.4699605107307434,0.27464014291763306,0.13250064849853516,0.09287841618061066,0.17416681349277496
001277_jpg.rf.03beffa81aa901c8462dfe1681a202f4.jpg,3,0.4386846721172333,0.22494669258594513,0.08998225629329681,0.13321855664253235,0.5755311250686646
001277_jpg.rf.03beffa81aa901c8462dfe1681a202f4.jpg,4,0.4386169910430908,0.22494155168533325,0.09088267385959625,0.13333937525749207,0.3350076377391815
001281_jpg.rf.b8a22407e4c52a0704d45a8b32965f9b.jpg,4,0.499421626329422,0.49658137559890747,0.700846254825592,0.9113425016403198,0.9294625520706177
001289_jpg.rf.2b57939adb36b165f0eef0a3de68e1ec.jpg,4,0.505497932434082,0.4345831274986267,0.39388129115104675,0.25689858198165894,0.9298898577690125
001290_jpg.rf.d3a396f3ea066c80a6e76a48dcf798a2.jpg,4,0.48099252581596375,0.19179242849349976,0.27712976932525635,0.17674513161182404,0.962611198425293
001291_jpg.rf.c0ea8c600fa9219527f23947a8f0e7ec.jpg,4,0.3133116662502289,0.29926058650016785,0.2272580862045288,0.32526808977127075,0.9776776432991028
001295_jpg.rf.449090465a44f9f98a47e1141f3a8f38.jpg,4,0.5335661172866821,0.5153972506523132,0.33122944831848145,0.5081182718276978,0.9904245734214783
001407_jpg.rf.70ca057de423bef18930dd5f47b975d7.jpg,5,0.22465582191944122,0.20986147224903107,0.22193557024002075,0.3427135944366455,0.9114658832550049
001407_jpg.rf.70ca057de423bef18930dd5f47b975d7.jpg,1,0.021750634536147118,0.5763198733329773,0.014199916273355484,0.025261953473091125,0.05776518955826759
001409_jpg.rf.03a314500608050ad90ed1c849fb18db.jpg,5,0.6377310156822205,0.46491026878356934,0.07571235299110413,0.11797061562538147,0.7835281491279602
001427_jpg.rf.fe832db13f19311c2eda0b6e83878ec5.jpg,5,0.4994634985923767,0.4976668953895569,0.9251741170883179,0.9241546392440796,0.9750512838363647
001432_jpg.rf.5d8fff00f092a9bcb15a018a3edb186b.jpg,5,0.7211012244224548,0.4700431227684021,0.13021087646484375,0.22485293447971344,0.9712084531784058
001436_jpg.rf.cc8f571352da66682260166ac2086168.jpg,5,0.6980167031288147,0.4549303948879242,0.3812468647956848,0.6021298766136169,0.9513975381851196
001449_jpg.rf.4b8f2718b90c8c6cf89ccf753d5b575a.jpg,5,0.8836382031440735,0.2363196611404419,0.23137328028678894,0.32704082131385803,0.9252550005912781
001449_jpg.rf.4b8f2718b90c8c6cf89ccf753d5b575a.jpg,10,0.3305140435695648,0.7072532773017883,0.34890294075012207,0.5490139126777649,0.8944026827812195
001462_jpg.rf.590c8b4c74096f768de4433951995545.jpg,5,0.7351378202438354,0.49785250425338745,0.5276445150375366,0.9957050085067749,0.9650934934616089
001465_jpg.rf.82e271056e453a4f123033b7db486d63.jpg,5,0.4774814248085022,0.32623234391212463,0.57098788022995,0.6238107085227966,0.9579920172691345
001465_jpg.rf.82e271056e453a4f123033b7db486d63.jpg,5,0.272470086812973,0.7899620532989502,0.16689909994602203,0.2654765248298645,0.9487983584403992
001465_jpg.rf.82e271056e453a4f123033b7db486d63.jpg,5,0.5910093784332275,0.8889743089675903,0.08705520629882812,0.14409828186035156,0.9484426379203796
001465_jpg.rf.82e271056e453a4f123033b7db486d63.jpg,5,0.8795447945594788,0.680546224117279,0.2202371507883072,0.2833103835582733,0.8347350358963013
001465_jpg.rf.82e271056e453a4f123033b7db486d63.jpg,5,0.7906553745269775,0.885465145111084,0.07944107055664062,0.12324759364128113,0.7715817093849182
001472_jpg.rf.38654b39e5bc13159c16952df2ba2dc0.jpg,5,0.7146957516670227,0.4515202045440674,0.36012208461761475,0.714850664138794,0.9468286037445068
001477_jpg.rf.170667884b322b9985bcd6a054a0d6be.jpg,5,0.5087641477584839,0.483284056186676,0.4745303988456726,0.8612986207008362,0.9496921300888062
001478_jpg.rf.b4a8c8adb59b1bfeb056f275a7e9c785.jpg,5,0.4316117465496063,0.30540913343429565,0.7130953073501587,0.4474831223487854,0.8495969772338867
001478_jpg.rf.b4a8c8adb59b1bfeb056f275a7e9c785.jpg,6,0.43133774399757385,0.30542173981666565,0.7174842953681946,0.4448353052139282,0.5238053798675537
001479_jpg.rf.61b4e3eab9b3daa20c770dafec663c97.jpg,5,0.5034478306770325,0.4640338122844696,0.5449634194374084,0.7664567828178406,0.9460165500640869
001482_jpg.rf.c040f508e60b3a870f5f5fc8b9b017d2.jpg,5,0.5119085907936096,0.34614863991737366,0.31803566217422485,0.6086552143096924,0.9503495097160339
001484_jpg.rf.6b44f8da037b210cdbe0663683d7274e.jpg,5,0.23817655444145203,0.45506712794303894,0.3961927592754364,0.7711740732192993,0.9524150490760803
001494_jpg.rf.4db0ef3199baad5258c353573bffed4a.jpg,5,0.614540696144104,0.21947619318962097,0.5077402591705322,0.3330606520175934,0.9442042708396912
001603_JPG_jpg.rf.d7ff42753708b2cd74195e8e463d3e2c.jpg,1,0.4804306626319885,0.1312817633152008,0.3738845884799957,0.09623962640762329,0.713307797908783
001606_JPG_jpg.rf.acbfc805c9e8ea9791185014645390c2.jpg,1,0.6781177520751953,0.1543871909379959,0.17510752379894257,0.0876656323671341,0.9329431653022766
001606_JPG_jpg.rf.acbfc805c9e8ea9791185014645390c2.jpg,1,0.12109241634607315,0.5072795152664185,0.08008752018213272,0.04058801382780075,0.7932308316230774
001607_JPG_jpg.rf.a6dcbc5ecd7c2ef807a4bce512a054a0.jpg,1,0.3827834725379944,0.1505352407693863,0.09740140289068222,0.05278469994664192,0.8723762035369873
001608_JPG_jpg.rf.7d48153578ad316231c6c992263ac497.jpg,1,0.45723453164100647,0.1374717652797699,0.1398308128118515,0.08026204258203506,0.8572211265563965
001608_JPG_jpg.rf.7d48153578ad316231c6c992263ac497.jpg,1,0.6385677456855774,0.5690506100654602,0.011936482042074203,0.013130628503859043,0.391828328371048
001619_JPG_jpg.rf.1640a48f199bbe32ee72dc83a24e1521.jpg,1,0.24478957056999207,0.11397185921669006,0.10855916887521744,0.04831376671791077,0.8150879740715027
001619_JPG_jpg.rf.1640a48f199bbe32ee72dc83a24e1521.jpg,0,0.24615460634231567,0.11551838368177414,0.10915426164865494,0.04779280349612236,0.7537586688995361
001623_JPG_jpg.rf.8777c38ac6d8aebbc4c5524393a8ce83.jpg,1,0.2930701971054077,0.09439454227685928,0.1121414303779602,0.06478720903396606,0.8780544400215149
001624_JPG_jpg.rf.a3a7ed1ca4bdc41789b882fe5d7e3e94.jpg,1,0.5387750267982483,0.14404110610485077,0.12060414999723434,0.06241395324468613,0.8377200961112976
001631_JPG_jpg.rf.18c57a703b3f30d8e2b21868d3657b5d.jpg,1,0.43519777059555054,0.0703636184334755,0.16396808624267578,0.07628730684518814,0.8791189193725586
001642_JPG_jpg.rf.1501f63859c8183e7b273ed3f677bb80.jpg,1,0.42033153772354126,0.10212062299251556,0.19891512393951416,0.10969668626785278,0.8554998636245728
001643_JPG_jpg.rf.bb0dd8813a6c24f91a4e04962aaa7f31.jpg,1,0.6280580759048462,0.183036670088768,0.32373249530792236,0.18889178335666656,0.7493319511413574
001643_JPG_jpg.rf.bb0dd8813a6c24f91a4e04962aaa7f31.jpg,1,0.659523606300354,0.5359442830085754,0.38286587595939636,0.9022126793861389,0.07356122881174088
001654_JPG_jpg.rf.e26100131533da63b018a72fab6586e3.jpg,1,0.3769095242023468,0.09852710366249084,0.1448213905096054,0.05821326747536659,0.8695629835128784
001656_JPG_jpg.rf.193bed9f1b03b8c4d46254c930216604.jpg,1,0.49768438935279846,0.1702355295419693,0.2731463313102722,0.11943142116069794,0.846713662147522
001656_JPG_jpg.rf.193bed9f1b03b8c4d46254c930216604.jpg,0,0.501443088054657,0.1693107783794403,0.2806265950202942,0.12257000803947449,0.7393073439598083
001660_JPG_jpg.rf.41a9573c77f81a1dc9e669467db98386.jpg,1,0.3350134491920471,0.08560492843389511,0.1446017473936081,0.07935509830713272,0.8613338470458984
001662_JPG_jpg.rf.97c2b266f1a788361d25be2305f03736.jpg,1,0.35513681173324585,0.18734414875507355,0.08704684674739838,0.05387416481971741,0.8091933727264404
001693_JPG_jpg.rf.9c74f3077d05257d04e7a58a48642fe0.jpg,1,0.5302419662475586,0.3151109516620636,0.21664179861545563,0.11369043588638306,0.9320898056030273
001700_JPG_jpg.rf.4f29277e7dfa7365978e572fe9f9eee3.jpg,1,0.5473824739456177,0.11167418211698532,0.20102611184120178,0.05523524060845375,0.9044027924537659
001700_JPG_jpg.rf.4f29277e7dfa7365978e572fe9f9eee3.jpg,7,0.4005941152572632,0.12050643563270569,0.08229395002126694,0.10998018085956573,0.0692623183131218
001826_JPG_jpg.rf.a805482f1c979ccfd35e378a2d5d78a6.jpg,8,0.13023631274700165,0.11078757792711258,0.12421872466802597,0.19701480865478516,0.9376006722450256
001826_JPG_jpg.rf.a805482f1c979ccfd35e378a2d5d78a6.jpg,0,0.5571218729019165,0.19339026510715485,0.22252508997917175,0.09648565202951431,0.8857113718986511
001830_JPG_jpg.rf.80271bce54a1933c1c80ae661932ee2f.jpg,1,0.4396713972091675,0.12187525629997253,0.09559676051139832,0.04073069617152214,0.7461556196212769
001830_JPG_jpg.rf.80271bce54a1933c1c80ae661932ee2f.jpg,1,0.15234257280826569,0.2159181386232376,0.034453924745321274,0.13187606632709503,0.7405211925506592
001833_JPG_jpg.rf.b6092f0bd597484bb9c205017e5c389f.jpg,1,0.5438010692596436,0.24470847845077515,0.24427568912506104,0.09234744310379028,0.9192348122596741
001857_JPG_jpg.rf.d447fe7f6ff27a88a5e983e0b5f2a821.jpg,0,0.44416120648384094,0.23028409481048584,0.05611610785126686,0.031050169840455055,0.7605610489845276
001857_JPG_jpg.rf.d447fe7f6ff27a88a5e983e0b5f2a821.jpg,0,0.42508330941200256,0.23082245886325836,0.09518374502658844,0.030371667817234993,0.6335557103157043
001860_JPG_jpg.rf.6e8d22dbd246ecfaf521fbb30ff5e2fe.jpg,0,0.5211463570594788,0.2622487545013428,0.17119231820106506,0.08563826978206635,0.8544408679008484
001860_JPG_jpg.rf.6e8d22dbd246ecfaf521fbb30ff5e2fe.jpg,0,0.8315536975860596,0.9697169065475464,0.013317842036485672,0.05769583210349083,0.5019606947898865
001860_JPG_jpg.rf.6e8d22dbd246ecfaf521fbb30ff5e2fe.jpg,0,0.9161971211433411,0.9211409687995911,0.039081867784261703,0.021594269201159477,0.19011227786540985
001860_JPG_jpg.rf.6e8d22dbd246ecfaf521fbb30ff5e2fe.jpg,0,0.7365794777870178,0.9277819395065308,0.03738858178257942,0.01248535793274641,0.11104495823383331
001860_JPG_jpg.rf.6e8d22dbd246ecfaf521fbb30ff5e2fe.jpg,1,0.005493541248142719,0.020548945292830467,0.010987082496285439,0.03827175125479698,0.0787612795829773
001860_JPG_jpg.rf.6e8d22dbd246ecfaf521fbb30ff5e2fe.jpg,0,0.3837100565433502,0.3152986466884613,0.09812795370817184,0.17785842716693878,0.05597491189837456
001918_jpg.rf.cf4263574ace70aef2c9045b9cde5a85.jpg,6,0.5101403594017029,0.7459279894828796,0.23943139612674713,0.30475208163261414,0.7770341634750366
001918_jpg.rf.cf4263574ace70aef2c9045b9cde5a85.jpg,5,0.5088857412338257,0.7442229390144348,0.23234675824642181,0.2990456223487854,0.7730506062507629
001982_jpg.rf.6d24adf886f0c39c03910738d4ecc170.jpg,1,0.7601203918457031,0.2496854066848755,0.06749989837408066,0.18478988111019135,0.5212172269821167
002188_jpg.rf.0c0627398b64450d4f392c77290207fe.jpg,1,0.7200641632080078,0.3324713408946991,0.329251229763031,0.14344742894172668,0.3940398097038269
002188_jpg.rf.0c0627398b64450d4f392c77290207fe.jpg,0,0.7190497517585754,0.33553358912467957,0.3267289698123932,0.14400431513786316,0.3491830825805664
002188_jpg.rf.0c0627398b64450d4f392c77290207fe.jpg,5,0.046618591994047165,0.7309218645095825,0.026101259514689445,0.038470637053251266,0.06329163908958435
0023f366-a173-4ba7-952c-63f5698c022d_jpg.rf.9edd5a29eae0884e275e51ee445d1a10.jpg,1,0.5696650743484497,0.5117813944816589,0.7106074094772339,0.8685879111289978,0.8840656280517578
0230d0a6-0eac-4bf1-bc0c-560f18ad7415_jpg.rf.48f1963e9fbe5a6b0179b33762a2eb65.jpg,1,0.5793121457099915,0.5035507082939148,0.6309575438499451,0.8500545620918274,0.8714492321014404
0313fdea-c8b1-458b-adac-adcb4aac3622_jpg.rf.78780f33ec642080187f26937e8005be.jpg,1,0.564853310585022,0.5246460437774658,0.6612771153450012,0.8200536966323853,0.8935559988021851
0590a57d-491c-4322-b287-594d5511e79b_jpg.rf.654f0a4f98fad473e55cc437d1c9d902.jpg,0,0.4866928160190582,0.5575661063194275,0.5996271371841431,0.7944716215133667,0.9220653176307678
0629fae7-2357-4fa2-a599-750358cf7e2e_jpg.rf.363911291d5f6f7fe0e031331fd7e4e9.jpg,0,0.5107372999191284,0.5282827615737915,0.7357046604156494,0.8006057143211365,0.9241490364074707
080e28db-6b07-4f03-a3c3-0803f43cc2ea_jpg.rf.8db090c85fe85dbff2c2f30a30efb0e1.jpg,1,0.5242143273353577,0.49047672748565674,0.4490762948989868,0.8145628571510315,0.8835790753364563
0866866d-298d-4bff-afa0-6456ad7fd807_jpg.rf.3bcf97c79a92aac15ad03419bbadf199.jpg,1,0.4412466287612915,0.4933469593524933,0.636002779006958,0.8941754698753357,0.930377185344696
08724eba-901b-4e19-883d-1cc236532391_jpg.rf.58818e500202bb38a13268b4cd2c4f4a.jpg,0,0.5815039873123169,0.548466145992279,0.49437758326530457,0.7693118453025818,0.9205321669578552
09282467-3e63-4506-9252-a0fd5b913deb_jpg.rf.7c3a79616a712d7b1f231bc9108d8db7.jpg,0,0.5741907954216003,0.4941044747829437,0.669057309627533,0.8043635487556458,0.8920274376869202
098904b8-c355-46e6-b644-52387480db96_jpg.rf.ed1b718605fa48e5c0cfbc438da6d050.jpg,0,0.5419062972068787,0.5261462330818176,0.6377969980239868,0.8904666304588318,0.9582064747810364
10a18f3d-79d7-447f-ab9e-6de78b09477f_jpg.rf.8ce6805731f28537f453028a8d5a4885.jpg,1,0.5750898718833923,0.46859434247016907,0.8498203754425049,0.8928263783454895,0.9336742162704468
1141c383-3413-40a0-a550-7253129d4a4a_jpg.rf.5d2d3eba0b2dbca166bc5c51fe7e607d.jpg,0,0.5920085310935974,0.5162953734397888,0.6926229000091553,0.8530344367027283,0.9586097598075867
182a7c98-60cb-46a4-a89b-ad3500515c3a_jpg.rf.2a5a1477064c1cd7dbe34e2e9a982a9e.jpg,0,0.5036376118659973,0.4804458022117615,0.861868679523468,0.960891604423523,0.9490074515342712
2257b962-595c-43ae-8f0d-575f1b55beb8_jpg.rf.d8ba84a72e00584f12f54d3cf03c8dc0.jpg,0,0.5589008927345276,0.49905163049697876,0.5511350631713867,0.8353908658027649,0.939121425151825
24085f02-5dde-4b59-ad8e-887935bd08e1_jpg.rf.d216c61af0d1adf927b98f242a4fe85f.jpg,0,0.48463794589042664,0.5064169764518738,0.8118990659713745,0.9549431204795837,0.9578612446784973
27beeb65-e6ea-4c4a-9dea-597500f26e7f_jpg.rf.29ca4c588d77178889b70d59993eb0ff.jpg,0,0.5622250437736511,0.4733305871486664,0.7335671186447144,0.8511622548103333,0.9130521416664124
643854b9-b9d9-4b74-99fb-830fde4a0b74_jpg.rf.4d252deec56db095b1acab7c1c0f1bdc.jpg,1,0.5204688906669617,0.4979015588760376,0.7086108326911926,0.8327164649963379,0.9102978110313416
b413caec-028d-48e6-922b-fc63db1b7ebb_jpg.rf.259a6b31980f35168c8ec00a5e80c263.jpg,0,0.5181020498275757,0.4849354922771454,0.6736192107200623,0.8511927723884583,0.9579087495803833
FisheyeCamera_1_00000_png.rf.51e7c2d131818f5ac51613cb3d152380.jpg,14,0.6046156883239746,0.5432394742965698,0.020817244425415993,0.029096750542521477,0.6973187327384949
FisheyeCamera_1_00000_png.rf.51e7c2d131818f5ac51613cb3d152380.jpg,6,0.43094196915626526,0.5473304390907288,0.0043469942174851894,0.008908859454095364,0.10372760891914368
FisheyeCamera_1_00005_png.rf.2c3a5ef517c817ce7872439ac76a7c08.jpg,14,0.6445034146308899,0.5390421152114868,0.028486398980021477,0.04261016845703125,0.946950376033783
FisheyeCamera_1_00005_png.rf.2c3a5ef517c817ce7872439ac76a7c08.jpg,6,0.4312524199485779,0.5476511120796204,0.005409827921539545,0.00912226177752018,0.05866770073771477
FisheyeCamera_1_00012_png.rf.72d6e678caad674f4fe8c948471cf743.jpg,2,0.330671101808548,0.5190008878707886,0.03052755631506443,0.04375120624899864,0.4542939066886902
FisheyeCamera_1_00012_png.rf.72d6e678caad674f4fe8c948471cf743.jpg,2,0.6128273010253906,0.5354028940200806,0.018242469057440758,0.025134161114692688,0.3567742109298706
FisheyeCamera_1_00018_png.rf.765c48e66c9a0a7d70f6e4b0af00494c.jpg,2,0.6397947669029236,0.522538959980011,0.027592733502388,0.043203942477703094,0.7710691690444946
FisheyeCamera_1_00018_png.rf.765c48e66c9a0a7d70f6e4b0af00494c.jpg,2,0.30259770154953003,0.527327835559845,0.021227654069662094,0.02945988066494465,0.3202899694442749
FisheyeCamera_1_00018_png.rf.765c48e66c9a0a7d70f6e4b0af00494c.jpg,2,0.534711480140686,0.5381571054458618,0.01719181425869465,0.022780198603868484,0.18824496865272522
FisheyeCamera_1_00021_png.rf.703e3c27438f8fe990ef8ffbd48f2b51.jpg,6,0.35076987743377686,0.5301032066345215,0.017208246514201164,0.028196262195706367,0.5427461266517639
FisheyeCamera_1_00021_png.rf.703e3c27438f8fe990ef8ffbd48f2b51.jpg,0,0.45581915974617004,0.5109707713127136,0.009384962730109692,0.00504053570330143,0.06708289682865143
FisheyeCamera_1_00022_png.rf.783465f75a2393c7aaa0ec3c3cd3ed4d.jpg,6,0.3384353220462799,0.5282814502716064,0.018901679664850235,0.03231775015592575,0.7183870077133179
FisheyeCamera_1_00023_png.rf.cd1aa333b9e78ad2f7b2de3c154e7429.jpg,6,0.32464519143104553,0.526092529296875,0.02140544168651104,0.034764364361763,0.6500660181045532
FisheyeCamera_1_00027_png.rf.dfb965799faeb1514f927e69c5ec0fd2.jpg,6,0.235045924782753,0.5073729753494263,0.024868525564670563,0.04978187382221222,0.5736070275306702
FisheyeCamera_1_00027_png.rf.dfb965799faeb1514f927e69c5ec0fd2.jpg,0,0.45021381974220276,0.5075618624687195,0.007266704924404621,0.0056896209716796875,0.15201565623283386
FisheyeCamera_1_00028_png.rf.f6f0a58dd52d1cf0fe75c8496a37b067.jpg,6,0.20166562497615814,0.49948522448539734,0.023560158908367157,0.05457467585802078,0.61825031042099
FisheyeCamera_1_00028_png.rf.f6f0a58dd52d1cf0fe75c8496a37b067.jpg,0,0.45058494806289673,0.506966233253479,0.007840377278625965,0.006497163325548172,0.19758519530296326
FisheyeCamera_1_00036_png.rf.a4fcf0fd896e50b389c7a93fae4d3a07.jpg,7,0.582753598690033,0.5265746116638184,0.028020860627293587,0.0382867231965065,0.42694029211997986
FisheyeCamera_1_00036_png.rf.a4fcf0fd896e50b389c7a93fae4d3a07.jpg,9,0.05944742262363434,0.47419458627700806,0.021255888044834137,0.06307286769151688,0.3262980580329895
FisheyeCamera_1_00036_png.rf.a4fcf0fd896e50b389c7a93fae4d3a07.jpg,8,0.5824945569038391,0.5265167355537415,0.027819707989692688,0.038181085139513016,0.06417928636074066
FisheyeCamera_1_00041_png.rf.402d963ad90df5846463e66a301debd3.jpg,0,0.43938148021698,0.49266451597213745,0.013997592031955719,0.005315340589731932,0.08065333217382431
FisheyeCamera_1_00041_png.rf.402d963ad90df5846463e66a301debd3.jpg,0,0.605213463306427,0.5322184562683105,0.004522617440670729,0.009563739411532879,0.06072095036506653
FisheyeCamera_1_00041_png.rf.402d963ad90df5846463e66a301debd3.jpg,13,0.31282806396484375,0.5415538549423218,0.009009654633700848,0.01341636385768652,0.05050182342529297
FisheyeCamera_1_00089_png.rf.3a437fe3f7f2a546183b5ef50bf92eab.jpg,7,0.3131422698497772,0.5409489274024963,0.0084075927734375,0.014447652734816074,0.4473741948604584
FisheyeCamera_1_00089_png.rf.3a437fe3f7f2a546183b5ef50bf92eab.jpg,1,0.437532514333725,0.48877841234207153,0.010855895467102528,0.004521369934082031,0.1198815107345581
FisheyeCamera_1_00089_png.rf.3a437fe3f7f2a546183b5ef50bf92eab.jpg,0,0.2609660029411316,0.3015252649784088,0.025707392022013664,0.015840090811252594,0.1028488352894783
FisheyeCamera_1_00089_png.rf.3a437fe3f7f2a546183b5ef50bf92eab.jpg,1,0.4461427330970764,0.48970702290534973,0.011609811335802078,0.0034989577252417803,0.05283666029572487
FisheyeCamera_1_00095_png.rf.7339640275f9c4483536f89fb2c815e0.jpg,7,0.27204978466033936,0.5356600284576416,0.013606365770101547,0.014971734024584293,0.41392379999160767
FisheyeCamera_1_00095_png.rf.7339640275f9c4483536f89fb2c815e0.jpg,1,0.4297199547290802,0.484544038772583,0.009454580955207348,0.011773623526096344,0.16817358136177063
FisheyeCamera_1_00095_png.rf.7339640275f9c4483536f89fb2c815e0.jpg,7,0.2672218084335327,0.5350269079208374,0.015266308560967445,0.013903471641242504,0.08932247757911682
FisheyeCamera_1_00097_png.rf.fb72097a4038b905024bea71b14c1434.jpg,7,0.25392165780067444,0.5322727560997009,0.011414161883294582,0.01563497819006443,0.4516744017601013
FisheyeCamera_1_00097_png.rf.fb72097a4038b905024bea71b14c1434.jpg,1,0.42789432406425476,0.476057231426239,0.010357123799622059,0.009887108579277992,0.38107579946517944
FisheyeCamera_1_00098_png.rf.937d582ee38fb9c9007c37c872df3176.jpg,7,0.24262550473213196,0.5320547819137573,0.008729568682610989,0.01774347759783268,0.6660987734794617
FisheyeCamera_1_00098_png.rf.937d582ee38fb9c9007c37c872df3176.jpg,1,0.4274997115135193,0.47548729181289673,0.010686874389648438,0.008835939690470695,0.3098706603050232
FisheyeCamera_1_00100_png.rf.683a106328c4647fb8dcd00c1c2af90f.jpg,1,0.41971123218536377,0.47328120470046997,0.012916785664856434,0.005781687330454588,0.43335723876953125
FisheyeCamera_1_00100_png.rf.683a106328c4647fb8dcd00c1c2af90f.jpg,7,0.2214970737695694,0.5291935801506042,0.009521998465061188,0.01837906613945961,0.3334718346595764
FisheyeCamera_1_00100_png.rf.683a106328c4647fb8dcd00c1c2af90f.jpg,1,0.42475929856300354,0.4735492467880249,0.015992458909749985,0.005846243817359209,0.1475221961736679
FisheyeCamera_1_00104_png.rf.4b7fdfa8ad94152180492a204dfd629d.jpg,12,0.36000144481658936,0.5250981450080872,0.02714538760483265,0.0380963571369648,0.4137195348739624
FisheyeCamera_1_00142_png.rf.def6aeee07cff082ea33cd3d659e7024.jpg,9,0.5993925929069519,0.5439028739929199,0.012757961638271809,0.011937068775296211,0.7400226593017578
FisheyeCamera_1_00142_png.rf.def6aeee07cff082ea33cd3d659e7024.jpg,9,0.5937903523445129,0.5445499420166016,0.01457992009818554,0.012584392912685871,0.21918697655200958
FisheyeCamera_1_00142_png.rf.def6aeee07cff082ea33cd3d659e7024.jpg,9,0.5634492039680481,0.5473092198371887,0.007742148358374834,0.008915094658732414,0.16696126759052277
FisheyeCamera_1_00150_png.rf.59de5a3cfa738990cf21ba7d18b79444.jpg,13,0.3635554015636444,0.5299721956253052,0.021281464025378227,0.03088907152414322,0.3134485185146332
FisheyeCamera_1_00150_png.rf.59de5a3cfa738990cf21ba7d18b79444.jpg,11,0.4075113534927368,0.5455071926116943,0.01191315334290266,0.012460488826036453,0.24207963049411774
FisheyeCamera_1_00150_png.rf.59de5a3cfa738990cf21ba7d18b79444.jpg,9,0.36440640687942505,0.5296858549118042,0.021938398480415344,0.03183145076036453,0.13829082250595093
FisheyeCamera_1_00151_png.rf.ff1355b3e842019c0228380552ea0c2c.jpg,13,0.3535623252391815,0.5269611477851868,0.02308177947998047,0.031019652262330055,0.4028398394584656
FisheyeCamera_1_00153_png.rf.19444df592470cf02432f62dfd784f12.jpg,9,0.6628161668777466,0.5343896746635437,0.014253176748752594,0.022034425288438797,0.927039384841919
FisheyeCamera_1_00153_png.rf.19444df592470cf02432f62dfd784f12.jpg,9,0.5854244232177734,0.5448998808860779,0.009224891662597656,0.013250278308987617,0.8048161268234253
FisheyeCamera_1_00154_png.rf.be661e0bba8aead34dbcded1d4e5b260.jpg,9,0.5896166563034058,0.5444509983062744,0.008720691315829754,0.012966743670403957,0.7835012674331665
FisheyeCamera_1_00154_png.rf.be661e0bba8aead34dbcded1d4e5b260.jpg,9,0.6743744015693665,0.534115195274353,0.016730088740587234,0.023264078423380852,0.7303093671798706
FisheyeCamera_1_00194_png.rf.21c8dbe947c18776eaab4e5caec1585b.jpg,0,0.3534325361251831,0.48563873767852783,0.010489684529602528,0.009552516043186188,0.14086821675300598
FisheyeCamera_1_00194_png.rf.21c8dbe947c18776eaab4e5caec1585b.jpg,10,0.31529173254966736,0.5466574430465698,0.005275213159620762,0.009827100671827793,0.0807969942688942
FisheyeCamera_1_00194_png.rf.21c8dbe947c18776eaab4e5caec1585b.jpg,1,0.31925293803215027,0.4877111315727234,0.010324331931769848,0.006237470544874668,0.05330285429954529
FisheyeCamera_1_00195_png.rf.c958e21bb68e76adac7817623d7c1f75.jpg,0,0.4623906910419464,0.3819846510887146,0.023682668805122375,0.015523177571594715,0.5401642918586731
FisheyeCamera_1_00195_png.rf.c958e21bb68e76adac7817623d7c1f75.jpg,0,0.5546383261680603,0.39829570055007935,0.02434011735022068,0.012505311518907547,0.4124367833137512
FisheyeCamera_1_00195_png.rf.c958e21bb68e76adac7817623d7c1f75.jpg,11,0.7670626044273376,0.5249195694923401,0.016329839825630188,0.023395026102662086,0.08234728872776031
FisheyeCamera_1_00202_png.rf.ee30ccd577d5cfc9c2f6c16edaeacdf2.jpg,0,0.5092429518699646,0.302072674036026,0.030406806617975235,0.02018011547625065,0.7748655080795288
FisheyeCamera_1_00202_png.rf.ee30ccd577d5cfc9c2f6c16edaeacdf2.jpg,0,0.6397800445556641,0.3290279507637024,0.025493623688817024,0.017772674560546875,0.6588369011878967
FisheyeCamera_1_00204_png.rf.19edfa32d48b66e0365f54c7325dcbd4.jpg,0,0.5273934006690979,0.2649853825569153,0.03427960351109505,0.023814568296074867,0.8252267241477966
FisheyeCamera_1_00204_png.rf.19edfa32d48b66e0365f54c7325dcbd4.jpg,0,0.6716183423995972,0.297992467880249,0.031130865216255188,0.02055267244577408,0.5523614287376404
FisheyeCamera_1_00211_png.rf.4d937346689834589353be2d154dc924.jpg,0,0.5755293965339661,0.085752934217453,0.0562342144548893,0.039533987641334534,0.8130627870559692
FisheyeCamera_1_00211_png.rf.4d937346689834589353be2d154dc924.jpg,1,0.5173460841178894,0.4709656238555908,0.016068678349256516,0.007429270073771477,0.24199004471302032
FisheyeCamera_1_00211_png.rf.4d937346689834589353be2d154dc924.jpg,1,0.5901128649711609,0.47260504961013794,0.015540489926934242,0.009116393513977528,0.21352674067020416
FisheyeCamera_1_00211_png.rf.4d937346689834589353be2d154dc924.jpg,0,0.7806925177574158,0.1818946897983551,0.03499133884906769,0.03049612231552601,0.13911603391170502
FisheyeCamera_1_00230_png.rf.0abfb32b639a38aefee3263df7d3733e.jpg,1,0.5533195734024048,0.4388837218284607,0.04077574238181114,0.025070924311876297,0.7663605809211731
FisheyeCamera_1_00230_png.rf.0abfb32b639a38aefee3263df7d3733e.jpg,1,0.7159501314163208,0.4525900185108185,0.030831851065158844,0.019107159227132797,0.6940305829048157
FisheyeCamera_1_00230_png.rf.de641278e85b0675e5c4ec40b2fdf74f.jpg,10,0.313101589679718,0.5233937501907349,0.021821610629558563,0.03649110347032547,0.9781858921051025
FisheyeCamera_1_00230_png.rf.de641278e85b0675e5c4ec40b2fdf74f.jpg,1,0.4344446659088135,0.3762829005718231,0.021454591304063797,0.012625695206224918,0.7647970914840698
FisheyeCamera_1_00230_png.rf.de641278e85b0675e5c4ec40b2fdf74f.jpg,1,0.33767613768577576,0.380329430103302,0.017064902931451797,0.016959410160779953,0.6214666366577148
FisheyeCamera_1_00230_png.rf.de641278e85b0675e5c4ec40b2fdf74f.jpg,0,0.5021424889564514,0.5109813809394836,0.01548517681658268,0.007333902642130852,0.37013179063796997
FisheyeCamera_1_00230_png.rf.de641278e85b0675e5c4ec40b2fdf74f.jpg,0,0.4981066882610321,0.5120461583137512,0.016332773491740227,0.008112980984151363,0.3590017259120941
FisheyeCamera_1_00230_png.rf.de641278e85b0675e5c4ec40b2fdf74f.jpg,0,0.3422260284423828,0.4746553301811218,0.01972161792218685,0.009926869533956051,0.08282823115587234
FisheyeCamera_1_00230_png.rf.de641278e85b0675e5c4ec40b2fdf74f.jpg,0,0.3478068709373474,0.47261548042297363,0.017223285511136055,0.009774135425686836,0.06647221744060516
FisheyeCamera_1_00230_png.rf.de641278e85b0675e5c4ec40b2fdf74f.jpg,1,0.4884009063243866,0.3779144883155823,0.011628665030002594,0.007301771081984043,0.05987103283405304
FisheyeCamera_1_00230_png.rf.de641278e85b0675e5c4ec40b2fdf74f.jpg,0,0.6887717247009277,0.4503338038921356,0.01305653527379036,0.011583401821553707,0.05152662470936775
FisheyeCamera_1_00239_png.rf.d6a3e883bbb92412f2642432771f2d09.jpg,1,0.3216409683227539,0.29798921942710876,0.026894349604845047,0.01907304674386978,0.7512955069541931
FisheyeCamera_1_00239_png.rf.d6a3e883bbb92412f2642432771f2d09.jpg,1,0.46230289340019226,0.25481125712394714,0.032200299203395844,0.02137705124914646,0.7232332825660706
FisheyeCamera_1_00239_png.rf.d6a3e883bbb92412f2642432771f2d09.jpg,0,0.5650582313537598,0.5034067034721375,0.016419190913438797,0.012518810108304024,0.3966497778892517
FisheyeCamera_1_00239_png.rf.d6a3e883bbb92412f2642432771f2d09.jpg,0,0.56501704454422,0.498692125082016,0.017302587628364563,0.016650566831231117,0.38785627484321594
FisheyeCamera_1_00239_png.rf.d6a3e883bbb92412f2642432771f2d09.jpg,0,0.39857497811317444,0.5024069547653198,0.00958618801087141,0.04073597863316536,0.15953682363033295
FisheyeCamera_1_00257_png.rf.fd48c32db227dac063bcd71340f4f334.jpg,0,0.7526422142982483,0.4537975490093231,0.026088275015354156,0.014281200245022774,0.7003687620162964
FisheyeCamera_1_00257_png.rf.fd48c32db227dac063bcd71340f4f334.jpg,13,0.7737486958503723,0.5347302556037903,0.010198153555393219,0.012635745108127594,0.14729255437850952
FisheyeCamera_1_00257_png.rf.fd48c32db227dac063bcd71340f4f334.jpg,0,0.6975212097167969,0.5319302082061768,0.00893666222691536,0.010782682336866856,0.052167560905218124
FisheyeCamera_1_00282_png.rf.8432bcb7705139cd0bcd1421987aaff7.jpg,13,0.8161301612854004,0.5237804055213928,0.014584468677639961,0.02508046105504036,0.7830386161804199
FisheyeCamera_1_00282_png.rf.8432bcb7705139cd0bcd1421987aaff7.jpg,0,0.5930032134056091,0.5263635516166687,0.01299036480486393,0.018402980640530586,0.43050363659858704
FisheyeCamera_1_00282_png.rf.8432bcb7705139cd0bcd1421987aaff7.jpg,0,0.5981804132461548,0.5266071557998657,0.01518865767866373,0.017444465309381485,0.3384477198123932
FisheyeCamera_1_00282_png.rf.8432bcb7705139cd0bcd1421987aaff7.jpg,11,0.3815317153930664,0.545852541923523,0.013122119009494781,0.008951480500400066,0.12809006869792938
FisheyeCamera_1_00282_png.rf.8432bcb7705139cd0bcd1421987aaff7.jpg,1,0.47199127078056335,0.5366145968437195,0.0057248338125646114,0.015794534236192703,0.0786358118057251
FisheyeCamera_1_00282_png.rf.8432bcb7705139cd0bcd1421987aaff7.jpg,1,0.4724779427051544,0.5397736430168152,0.005823282524943352,0.017062334343791008,0.0526803657412529
FisheyeCamera_1_00283_png.rf.e88cf39eb00a52dfcceb2fcfddf89260.jpg,0,0.5990999341011047,0.5256578326225281,0.013349827378988266,0.019187195226550102,0.707913339138031
FisheyeCamera_1_00283_png.rf.e88cf39eb00a52dfcceb2fcfddf89260.jpg,13,0.8308724164962769,0.520199179649353,0.013363765552639961,0.023047668859362602,0.5111258625984192
FisheyeCamera_1_00283_png.rf.e88cf39eb00a52dfcceb2fcfddf89260.jpg,1,0.4700644314289093,0.5372034311294556,0.0064218961633741856,0.017121609300374985,0.2282613217830658
FisheyeCamera_1_00283_png.rf.e88cf39eb00a52dfcceb2fcfddf89260.jpg,0,0.5939218401908875,0.5259380340576172,0.014835945330560207,0.019524868577718735,0.11015184968709946
FisheyeCamera_1_00283_png.rf.e88cf39eb00a52dfcceb2fcfddf89260.jpg,11,0.37958431243896484,0.545548141002655,0.00936493556946516,0.008161618374288082,0.08132025599479675
FisheyeCamera_1_00285_png.rf.cbc33d5d21aad4b5d0d195479cb4f9ef.jpg,0,0.600977897644043,0.5236786007881165,0.00964619591832161,0.019046638160943985,0.7868604063987732
FisheyeCamera_1_00285_png.rf.cbc33d5d21aad4b5d0d195479cb4f9ef.jpg,13,0.8591964840888977,0.515819787979126,0.0147895822301507,0.025196664035320282,0.5919158458709717
FisheyeCamera_1_00285_png.rf.cbc33d5d21aad4b5d0d195479cb4f9ef.jpg,11,0.37193307280540466,0.5450685620307922,0.007131577003747225,0.009087196551263332,0.2348548322916031
FisheyeCamera_1_00285_png.rf.cbc33d5d21aad4b5d0d195479cb4f9ef.jpg,1,0.4675847887992859,0.536608099937439,0.00725306011736393,0.015780743211507797,0.2000756859779358
FisheyeCamera_1_00298_png.rf.a4bc4257abfe5a5f97a7ab4671d5a682.jpg,0,0.6269387006759644,0.50758296251297,0.012770873494446278,0.032505329698324203,0.7974603772163391
FisheyeCamera_1_00298_png.rf.a4bc4257abfe5a5f97a7ab4671d5a682.jpg,1,0.431345671415329,0.5329306721687317,0.007596456445753574,0.016683578491210938,0.6979626417160034
FisheyeCamera_1_00298_png.rf.a4bc4257abfe5a5f97a7ab4671d5a682.jpg,11,0.2851339876651764,0.5365591645240784,0.012637468986213207,0.015606514178216457,0.4417496621608734
FisheyeCamera_1_00298_png.rf.a4bc4257abfe5a5f97a7ab4671d5a682.jpg,0,0.599219799041748,0.47545552253723145,0.0132612818852067,0.01170737948268652,0.08078878372907639
FisheyeCamera_1_00302_png.rf.89395bab7d8fb4a6da3324a58b3497cd.jpg,0,0.6486625671386719,0.4975602924823761,0.014441563747823238,0.03989865258336067,0.8265060782432556
FisheyeCamera_1_00302_png.rf.89395bab7d8fb4a6da3324a58b3497cd.jpg,11,0.2532455325126648,0.533426821231842,0.01277791615575552,0.01554621197283268,0.8030468225479126
FisheyeCamera_1_00302_png.rf.89395bab7d8fb4a6da3324a58b3497cd.jpg,1,0.4197045862674713,0.5304890871047974,0.0125312814489007,0.017695721238851547,0.42716169357299805
FisheyeCamera_1_00302_png.rf.89395bab7d8fb4a6da3324a58b3497cd.jpg,1,0.4251045882701874,0.5307549238204956,0.015180882066488266,0.017281679436564445,0.20985274016857147
FisheyeCamera_1_00314_png.rf.f10aa9e570183b2892515007c415b9cf.jpg,1,0.4294428527355194,0.5226694345474243,0.009326201863586903,0.023160934448242188,0.7594813704490662
FisheyeCamera_1_00314_png.rf.f10aa9e570183b2892515007c415b9cf.jpg,0,0.8727720379829407,0.4084189534187317,0.02441875822842121,0.07786846160888672,0.5965889692306519
FisheyeCamera_1_00314_png.rf.f10aa9e570183b2892515007c415b9cf.jpg,11,0.13270233571529388,0.5157474279403687,0.015465077012777328,0.02507033757865429,0.28456997871398926
FisheyeCamera_1_00315_png.rf.14c625eca5ff0f371a2459cb470b6dd5.jpg,1,0.4320732653141022,0.522171139717102,0.009325101040303707,0.023410797119140625,0.7323821783065796
FisheyeCamera_1_00315_png.rf.14c625eca5ff0f371a2459cb470b6dd5.jpg,11,0.12173563241958618,0.5122710466384888,0.013100514188408852,0.0236407071352005,0.24477198719978333
FisheyeCamera_1_00351_png.rf.0c9f77a62c69eb9b4b91da5b1454eda5.jpg,12,0.44494718313217163,0.5478105545043945,0.013958931900560856,0.010176879353821278,0.3044065535068512
FisheyeCamera_1_00351_png.rf.0c9f77a62c69eb9b4b91da5b1454eda5.jpg,12,0.4394463896751404,0.5475388765335083,0.01357533410191536,0.009885861538350582,0.2648515999317169
FisheyeCamera_1_00351_png.rf.0c9f77a62c69eb9b4b91da5b1454eda5.jpg,13,0.21623411774635315,0.5316054224967957,0.009853179566562176,0.011569683440029621,0.07739703357219696
FisheyeCamera_1_00351_png.rf.0c9f77a62c69eb9b4b91da5b1454eda5.jpg,0,0.176672101020813,0.48186466097831726,0.012947670184075832,0.02969624474644661,0.05796699598431587
FisheyeCamera_1_00364_png.rf.a9a2ae260182758dd32759d27a3f08ae.jpg,13,0.1858799308538437,0.5280861854553223,0.011127692647278309,0.017665423452854156,0.7790732979774475
FisheyeCamera_1_00364_png.rf.a9a2ae260182758dd32759d27a3f08ae.jpg,12,0.5217834711074829,0.5425786972045898,0.014151867479085922,0.01782182604074478,0.37918931245803833
FisheyeCamera_1_00364_png.rf.a9a2ae260182758dd32759d27a3f08ae.jpg,4,0.5185189247131348,0.542583167552948,0.017869070172309875,0.01817351207137108,0.0967661663889885
FisheyeCamera_1_00382_png.rf.da9f23f9bb25ab0a204cb881a5ccf798.jpg,13,0.05487881973385811,0.4995133578777313,0.013734937645494938,0.02794860117137432,0.30473873019218445
FisheyeCamera_1_00454_png.rf.69544c267e97e6de7d8ff36d70f8a8f6.jpg,3,0.8015871644020081,0.5249340534210205,0.012066475115716457,0.018667954951524734,0.8020194172859192
FisheyeCamera_1_00454_png.rf.69544c267e97e6de7d8ff36d70f8a8f6.jpg,1,0.7292839288711548,0.45902055501937866,0.022763032466173172,0.014416035264730453,0.163552388548851
FisheyeCamera_1_00471_png.rf.eb0a04fb4ec3ae41bf4b96e27bd5d26d.jpg,0,0.3398606777191162,0.4587525725364685,0.02661382406949997,0.08428647369146347,0.897325336933136
FisheyeCamera_1_00471_png.rf.eb0a04fb4ec3ae41bf4b96e27bd5d26d.jpg,0,0.5197590589523315,0.4584769010543823,0.030078448355197906,0.08824994415044785,0.8196360468864441
FisheyeCamera_1_00476_png.rf.9039468fbc1dab58476b697e479807f8.jpg,0,0.5329335331916809,0.3905581831932068,0.056537337601184845,0.14713655412197113,0.9407967925071716
FisheyeCamera_1_00476_png.rf.9039468fbc1dab58476b697e479807f8.jpg,0,0.25074896216392517,0.4023977816104889,0.03660348802804947,0.12551535665988922,0.7054840922355652
FisheyeCamera_1_00479_png.rf.f7e77b725ba1e70b5dc8b0697e0b1f92.jpg,0,0.5025739669799805,0.4176066517829895,0.01762419566512108,0.011150800622999668,0.5559424161911011
FisheyeCamera_1_00479_png.rf.f7e77b725ba1e70b5dc8b0697e0b1f92.jpg,3,0.9323354959487915,0.5017244815826416,0.014087090268731117,0.025946544483304024,0.3438452482223511
FisheyeCamera_1_00479_png.rf.f7e77b725ba1e70b5dc8b0697e0b1f92.jpg,13,0.9322437644004822,0.5016969442367554,0.014033831655979156,0.026312535628676414,0.3187420964241028
FisheyeCamera_1_00479_png.rf.f7e77b725ba1e70b5dc8b0697e0b1f92.jpg,0,0.5068904161453247,0.47594982385635376,0.011173469014465809,0.009992159903049469,0.14568844437599182
FisheyeCamera_1_00480_png.rf.ff94615495e0c4eb7cd3a1cfce3cf2cd.jpg,0,0.5043737292289734,0.4127250611782074,0.01757313683629036,0.010063392110168934,0.6320763826370239
FisheyeCamera_1_00480_png.rf.ff94615495e0c4eb7cd3a1cfce3cf2cd.jpg,13,0.9513735175132751,0.4962000548839569,0.014415154233574867,0.027968041598796844,0.2481834888458252
FisheyeCamera_1_00480_png.rf.ff94615495e0c4eb7cd3a1cfce3cf2cd.jpg,0,0.5052221417427063,0.4731362462043762,0.009813455864787102,0.006447278894484043,0.2237720638513565
FisheyeCamera_1_00480_png.rf.ff94615495e0c4eb7cd3a1cfce3cf2cd.jpg,3,0.9518408179283142,0.49665048718452454,0.015058225020766258,0.029721921309828758,0.1609230935573578
FisheyeCamera_1_00509_png.rf.a4fdcf5053bc422a3b30b4cef69e5ea6.jpg,0,0.5081683397293091,0.3183978199958801,0.026241743937134743,0.016229776665568352,0.48840466141700745
FisheyeCamera_1_00509_png.rf.a4fdcf5053bc422a3b30b4cef69e5ea6.jpg,12,0.6391245126724243,0.5465084910392761,0.010217959992587566,0.008226248435676098,0.0891813114285469
FisheyeCamera_1_00587_png.rf.8f637c2480c931d014f8cc2877541abd.jpg,4,0.5350421071052551,0.5474451184272766,0.01247670128941536,0.008785835467278957,0.17533446848392487
FisheyeCamera_1_00587_png.rf.8f637c2480c931d014f8cc2877541abd.jpg,1,0.6314699053764343,0.4891098737716675,0.013043917715549469,0.004634417127817869,0.12934145331382751
FisheyeCamera_1_00587_png.rf.8f637c2480c931d014f8cc2877541abd.jpg,1,0.6370073556900024,0.4890655279159546,0.014459904283285141,0.00432461965829134,0.10371888428926468
FisheyeCamera_1_00594_png.rf.dc0e60f4633360af03461b14c31a1454.jpg,12,0.5224249958992004,0.5465208888053894,0.012847313657402992,0.010722820647060871,0.34836041927337646
FisheyeCamera_1_00594_png.rf.dc0e60f4633360af03461b14c31a1454.jpg,4,0.5175910592079163,0.5464898347854614,0.01601424627006054,0.011097614653408527,0.1583024561405182
FisheyeCamera_1_00594_png.rf.dc0e60f4633360af03461b14c31a1454.jpg,1,0.6277837753295898,0.48491671681404114,0.01064931508153677,0.011002687737345695,0.06568145751953125
FisheyeCamera_1_00600_png.rf.99bc40dcb86cb45b4425a2604dd3cd8d.jpg,4,0.49576908349990845,0.5454357862472534,0.011336620897054672,0.012757155112922192,0.6169829368591309
FisheyeCamera_1_00600_png.rf.99bc40dcb86cb45b4425a2604dd3cd8d.jpg,1,0.6201380491256714,0.4747074842453003,0.011877207085490227,0.007420320063829422,0.3477230966091156
FisheyeCamera_1_00600_png.rf.99bc40dcb86cb45b4425a2604dd3cd8d.jpg,1,0.612713634967804,0.47477591037750244,0.014986111782491207,0.0076320357620716095,0.1226455345749855
FisheyeCamera_1_00604_png.rf.fd483074d74e8bee0d71bb87e77ab3ef.jpg,4,0.47332069277763367,0.5437233448028564,0.012793761678040028,0.015517601743340492,0.6173382997512817
FisheyeCamera_1_00604_png.rf.fd483074d74e8bee0d71bb87e77ab3ef.jpg,1,0.6042918562889099,0.4685804843902588,0.012828974053263664,0.0058275372721254826,0.3239234983921051
FisheyeCamera_1_00615_png.rf.6b8b9a4df61e83d15119053ea613f434.jpg,4,0.33918696641921997,0.5269021987915039,0.02394052781164646,0.0354020781815052,0.47108685970306396
FisheyeCamera_1_00615_png.rf.6b8b9a4df61e83d15119053ea613f434.jpg,1,0.5598836541175842,0.4453815221786499,0.015061452053487301,0.013155350461602211,0.31932157278060913
FisheyeCamera_1_00615_png.rf.6b8b9a4df61e83d15119053ea613f434.jpg,12,0.33885860443115234,0.5267665386199951,0.024002736434340477,0.03677625209093094,0.1360362470149994
FisheyeCamera_1_00615_png.rf.6b8b9a4df61e83d15119053ea613f434.jpg,1,0.5604522824287415,0.4410736560821533,0.014066769741475582,0.016814159229397774,0.12239725142717361
FisheyeCamera_1_00631_png.rf.ef7fde7123c71d075628496a468eb1df.jpg,1,0.5114766955375671,0.3452829420566559,0.024420665577054024,0.01765977405011654,0.5464249849319458
FisheyeCamera_1_00631_png.rf.ef7fde7123c71d075628496a468eb1df.jpg,11,0.436585009098053,0.5459569096565247,0.008274518884718418,0.011313218623399734,0.051794297993183136
FisheyeCamera_1_01013_png.rf.9464970b75fa02363baae3c682e99f39.jpg,0,0.5696606636047363,0.5106362104415894,0.011035479605197906,0.006951258983463049,0.6301798820495605
FisheyeCamera_1_01013_png.rf.9464970b75fa02363baae3c682e99f39.jpg,0,0.5358556509017944,0.510391354560852,0.014294037595391273,0.007626460399478674,0.3104989528656006
FisheyeCamera_1_01013_png.rf.9464970b75fa02363baae3c682e99f39.jpg,0,0.5398862957954407,0.5103873610496521,0.016511477530002594,0.007703781593590975,0.10227099061012268
FisheyeCamera_1_01026_png.rf.dfb591570ded3c052e6641cb4f2d80c1.jpg,0,0.39732104539871216,0.49278759956359863,0.013993190601468086,0.009178015403449535,0.6706982254981995
FisheyeCamera_1_01026_png.rf.dfb591570ded3c052e6641cb4f2d80c1.jpg,0,0.44030362367630005,0.49553588032722473,0.015666669234633446,0.010921184904873371,0.5268040299415588
FisheyeCamera_1_01037_png.rf.870a2a09f0f8cb2a0b5f4a4a3b3ccadc.jpg,0,0.37057459354400635,0.46934643387794495,0.020244158804416656,0.011420764029026031,0.7512516379356384
FisheyeCamera_1_01037_png.rf.870a2a09f0f8cb2a0b5f4a4a3b3ccadc.jpg,0,0.3128029406070709,0.46455061435699463,0.02115579880774021,0.013599762693047523,0.5099383592605591
FisheyeCamera_1_01082_png.rf.da2e5bebfb023e66aacd368902a130ef.jpg,1,0.8008304834365845,0.5026118159294128,0.009145443327724934,0.026566872373223305,0.6887831091880798
FisheyeCamera_1_01086_png.rf.dd1b44b6d6e2e2da3f3f6ab8f823bc01.jpg,1,0.7792031764984131,0.5018458962440491,0.010068747214972973,0.02826720103621483,0.7685218453407288
FisheyeCamera_1_01090_png.rf.663e34306a969d1e2d3f1ca290e1ddd7.jpg,1,0.7543027400970459,0.5012066960334778,0.011395234614610672,0.031035350635647774,0.8237442970275879
FisheyeCamera_1_01098_png.rf.e141b30ac0a11cc0c857435f655656fc.jpg,1,0.8097251057624817,0.48202744126319885,0.015222989954054356,0.041718557476997375,0.7857040166854858
FisheyeCamera_1_01099_png.rf.d3e2606bc19452ecaec7548723f05a0b.jpg,1,0.8181163668632507,0.4784964323043823,0.015100919641554356,0.04252830147743225,0.8469473719596863
FisheyeCamera_1_01104_png.rf.1c0a4fa66929930288c5ff6e293ca501.jpg,1,0.8606449365615845,0.4602603018283844,0.01657133921980858,0.05225123092532158,0.8159303069114685
FisheyeCamera_1_01147_png.rf.4b377ccbafe830dd921c6b606ab4f94a.jpg,0,0.4367287755012512,0.40918341279029846,0.022526815533638,0.01086154393851757,0.08501150459051132
road104_png.rf.4468adcd7c2dcfc04377146de785c0a6.jpg,11,0.4894189238548279,0.4904438257217407,0.7312374114990234,0.8909620642662048,0.9540256261825562
road108_png.rf.9655ebb7a27af56ab1d0360d10685ec8.jpg,1,0.8955649137496948,0.21108880639076233,0.029867613688111305,0.040889155119657516,0.44456663727760315
road108_png.rf.9655ebb7a27af56ab1d0360d10685ec8.jpg,2,0.4523802697658539,0.5431997179985046,0.02724676951766014,0.046511873602867126,0.331975519657135
road109_png.rf.c7fd39b9ac59c325ec73dc6b5ece99fd.jpg,8,0.649771511554718,0.513268768787384,0.07566125690937042,0.11261191964149475,0.9274229407310486
road112_png.rf.b765c2b5d3a2145d317b0ceadfb08464.jpg,5,0.5126975178718567,0.30914101004600525,0.32007893919944763,0.5050954818725586,0.9499173760414124
road11_png.rf.40b76142a629faa238c042bcb209cc27.jpg,0,0.4940756559371948,0.3861842751502991,0.04530275985598564,0.1185566857457161,0.8218293190002441
road11_png.rf.40b76142a629faa238c042bcb209cc27.jpg,0,0.814359188079834,0.6228985786437988,0.04377482831478119,0.0940081924200058,0.6822169423103333
road11_png.rf.40b76142a629faa238c042bcb209cc27.jpg,1,0.7036917805671692,0.14749209582805634,0.041413236409425735,0.01937602274119854,0.08517353981733322
road157_png.rf.e48c88408b366592b950018ee5d6426d.jpg,8,0.7245044708251953,0.20694631338119507,0.11636029928922653,0.08749829977750778,0.8916612267494202
road16_png.rf.9aba07c7ac70aab405028e7e8a750fb7.jpg,1,0.5852158069610596,0.2549901604652405,0.038001649081707,0.15576212108135223,0.7956633567810059
road16_png.rf.9aba07c7ac70aab405028e7e8a750fb7.jpg,1,0.2821555435657501,0.47336456179618835,0.034293871372938156,0.08381932228803635,0.7545695304870605
road196_png.rf.6aa5da1b76ad6487d317d27963cc00d1.jpg,8,0.5621256232261658,0.31937775015830994,0.22427648305892944,0.16914235055446625,0.9368848204612732
road196_png.rf.6aa5da1b76ad6487d317d27963cc00d1.jpg,0,0.3982968032360077,0.8123742938041687,0.011900829151272774,0.010078283958137035,0.05275058373808861
road19_png.rf.05e1657af2361aab3c4d5deb43b29087.jpg,0,0.40814006328582764,0.3259895145893097,0.07501954585313797,0.12645824253559113,0.9084782004356384
road19_png.rf.05e1657af2361aab3c4d5deb43b29087.jpg,1,0.47065457701683044,0.3483610153198242,0.03154996782541275,0.09616389870643616,0.182975634932518
road243_png.rf.555053220adbac3849def1e4105008fd.jpg,3,0.5272670984268188,0.608849048614502,0.04066643491387367,0.034223925322294235,0.5653989911079407
road243_png.rf.555053220adbac3849def1e4105008fd.jpg,3,0.4827638268470764,0.6099141240119934,0.03941044583916664,0.030617129057645798,0.5103546977043152
road254_png.rf.5ed92d428851755882973a8e28944076.jpg,8,0.4419476091861725,0.24142612516880035,0.15558500587940216,0.11589384824037552,0.9137454628944397
road254_png.rf.5ed92d428851755882973a8e28944076.jpg,1,0.037008266896009445,0.7866358757019043,0.01655391976237297,0.03980005905032158,0.07491948455572128
road260_png.rf.47ad1e33078da07b4bf3b0e5712c926d.jpg,8,0.5436452031135559,0.4111654758453369,0.2202059030532837,0.17915815114974976,0.9488116502761841
road277_png.rf.3f53c2534447d823337f731b63c65c75.jpg,8,0.662244439125061,0.3237345814704895,0.1952734738588333,0.14410223066806793,0.9367910623550415
road286_png.rf.702db0cc9906e626d838a77a4e79244d.jpg,8,0.4767771065235138,0.4231857657432556,0.22506582736968994,0.1724172830581665,0.9316908121109009
road288_png.rf.db64fffa70c02e58aabcbb10e3a19798.jpg,8,0.3973657786846161,0.47263890504837036,0.1135038286447525,0.0885627493262291,0.9343215823173523
road289_png.rf.ba6012fe8a27d9f53d8d66bb29db5ad8.jpg,14,0.34923267364501953,0.4568248391151428,0.276837557554245,0.21537591516971588,0.9219781160354614
road289_png.rf.ba6012fe8a27d9f53d8d66bb29db5ad8.jpg,0,0.9104902148246765,0.9028568863868713,0.17724405229091644,0.19428634643554688,0.6869037747383118
road28_png.rf.d0de3563c76ae8b60ecdaf41757d472b.jpg,1,0.44864001870155334,0.07847589999437332,0.0335218720138073,0.1301809549331665,0.4847509264945984
road28_png.rf.d0de3563c76ae8b60ecdaf41757d472b.jpg,9,0.7322004437446594,0.14537712931632996,0.03264661878347397,0.061239391565322876,0.20283196866512299
road305_png.rf.f807df671677244a7387d2ffbe200f58.jpg,8,0.5407753586769104,0.42160144448280334,0.4725269377231598,0.5314058065414429,0.9298503994941711
road312_png.rf.ad2229fb2f7e136d7747b9568f121af4.jpg,8,0.2919507324695587,0.3768214285373688,0.5086826086044312,0.5615935325622559,0.9362536668777466
road314_png.rf.697a2d138347ee6ee2da288b2ffe8e9d.jpg,8,0.4765141010284424,0.48993706703186035,0.18201330304145813,0.1428375244140625,0.9269434213638306
road314_png.rf.697a2d138347ee6ee2da288b2ffe8e9d.jpg,8,0.17394283413887024,0.7133368253707886,0.08452004194259644,0.066599041223526,0.9000322818756104
road320_png.rf.65f55afb9e0eb549cb01be72786c8b42.jpg,8,0.6125242114067078,0.5981034636497498,0.16209617257118225,0.12648025155067444,0.9199235439300537
road321_png.rf.f9c13308da074b8ee78f43f6c7ea54f3.jpg,8,0.5180984139442444,0.4794204533100128,0.13441188633441925,0.10399583727121353,0.9243787527084351
road322_png.rf.6028574359019d435c66689704d0418f.jpg,8,0.42630818486213684,0.45172062516212463,0.15264445543289185,0.16035418212413788,0.9367278814315796
road323_png.rf.b843dd95b3d22917710ac75cca4a57b0.jpg,14,0.5670368671417236,0.4137692153453827,0.2481309473514557,0.1843242645263672,0.9416886568069458
road323_png.rf.b843dd95b3d22917710ac75cca4a57b0.jpg,9,0.6013306379318237,0.6160538196563721,0.27266547083854675,0.21144431829452515,0.9233328104019165
road339_png.rf.a176f5700f7182473dd4c3a268ebcbbd.jpg,14,0.4987732172012329,0.2624901235103607,0.3697253167629242,0.28209441900253296,0.9314424395561218
road351_png.rf.917ea4e951348855c275b66bb4d890ad.jpg,8,0.5110701322555542,0.3813524842262268,0.2610822916030884,0.20170770585536957,0.9490005970001221
road351_png.rf.917ea4e951348855c275b66bb4d890ad.jpg,0,0.689702570438385,0.8901304602622986,0.03261302039027214,0.028426244854927063,0.21006865799427032
road353_png.rf.deb497f4908212e3409c887fbb0544df.jpg,8,0.4478539526462555,0.4964349567890167,0.2049964815378189,0.14930842816829681,0.8873804807662964
road355_png.rf.c43f3ac674a10af91051d8cb228747ad.jpg,8,0.4157717525959015,0.37277737259864807,0.18159198760986328,0.1368526965379715,0.907041072845459
road362_png.rf.765355e68b8097399c60024a6f28840c.jpg,8,0.39196038246154785,0.493789404630661,0.2235647588968277,0.16955450177192688,0.9492158889770508
road367_png.rf.68facda4326805592fce6d2bfb2dba6c.jpg,7,0.43712809681892395,0.4281493127346039,0.12593504786491394,0.09792239964008331,0.9377776980400085
road388_png.rf.cc49d1d1343172eaa95da35bf070a7d3.jpg,13,0.5381823778152466,0.38321617245674133,0.11246901750564575,0.0822441428899765,0.9079830050468445
road38_png.rf.8b6e15b041aab397eb10b38728fa1e15.jpg,1,0.09710923582315445,0.2666037380695343,0.19262360036373138,0.5320717692375183,0.20820438861846924
road38_png.rf.8b6e15b041aab397eb10b38728fa1e15.jpg,1,0.10004471987485886,0.16661307215690613,0.1833282858133316,0.33322614431381226,0.20567968487739563
road38_png.rf.8b6e15b041aab397eb10b38728fa1e15.jpg,1,0.7482335567474365,0.7188296914100647,0.13649867475032806,0.4288029372692108,0.1140856072306633
road393_png.rf.4fe43a89433923b9841d1435d98c4aae.jpg,3,0.5461462140083313,0.6786808967590332,0.11262410134077072,0.08719547092914581,0.9230564832687378
road397_png.rf.64b46468e2e241a3cb5dbce555894da3.jpg,3,0.585349977016449,0.2523670792579651,0.30709606409072876,0.2303861528635025,0.9400322437286377
road400_png.rf.03186a0125d7e8f9ccbad9322201c91a.jpg,3,0.6331419348716736,0.5612750053405762,0.15438461303710938,0.11749891936779022,0.937771737575531
road402_png.rf.8b57601c39d08578c3fba71d26f6dd1a.jpg,13,0.42315343022346497,0.6589159369468689,0.10970050096511841,0.08485618233680725,0.9665746092796326
road412_png.rf.f3dc3c3dcb2d0a679c190b33c3a3178b.jpg,3,0.580322802066803,0.5116065144538879,0.08631104975938797,0.06704051792621613,0.8836148977279663
road420_png.rf.4db7dbd13a7b9c37ddddb7df9adf0834.jpg,13,0.5351008176803589,0.6136757731437683,0.20489877462387085,0.15412206947803497,0.9479398727416992
road421_png.rf.cd6d5f5724ac207f49f64d2ecc32f9f6.jpg,13,0.5219847559928894,0.4972122311592102,0.2540314793586731,0.1987571120262146,0.9488551020622253
road422_png.rf.9b9d58bbb154a5b030ff2addac608ef8.jpg,13,0.3577200174331665,0.5359125137329102,0.05745403841137886,0.045548662543296814,0.5731911063194275
road422_png.rf.9b9d58bbb154a5b030ff2addac608ef8.jpg,12,0.35847607254981995,0.5357260704040527,0.05838482454419136,0.04596952348947525,0.4653525948524475
road431_png.rf.4cf451707a1af9d139094513881b7654.jpg,13,0.1805495321750641,0.6032575368881226,0.18913695216178894,0.14534415304660797,0.9776845574378967
road439_png.rf.3a8f1ca30bf60d80f05733e8d83212d9.jpg,13,0.2594026029109955,0.791730523109436,0.16609331965446472,0.12940582633018494,0.924353301525116
road43_png.rf.c576096fc5f0b00379321f94ddffcbc6.jpg,0,0.24306993186473846,0.38287273049354553,0.036617428064346313,0.11232464760541916,0.7680976390838623
road43_png.rf.c576096fc5f0b00379321f94ddffcbc6.jpg,0,0.4608008563518524,0.35929974913597107,0.03830763325095177,0.11689700186252594,0.7511555552482605
road43_png.rf.c576096fc5f0b00379321f94ddffcbc6.jpg,0,0.6757209897041321,0.5292449593544006,0.027932094410061836,0.08008458465337753,0.7102216482162476
road43_png.rf.c576096fc5f0b00379321f94ddffcbc6.jpg,0,0.8385745286941528,0.5270771980285645,0.0311508197337389,0.08106936514377594,0.5264747142791748
road43_png.rf.c576096fc5f0b00379321f94ddffcbc6.jpg,0,0.04328902065753937,0.40639159083366394,0.03879224509000778,0.11396995186805725,0.3334936797618866
road43_png.rf.c576096fc5f0b00379321f94ddffcbc6.jpg,1,0.6498450040817261,0.7200809121131897,0.021099384874105453,0.01178242638707161,0.18545745313167572
road43_png.rf.c576096fc5f0b00379321f94ddffcbc6.jpg,1,0.1432986557483673,0.7726518511772156,0.029903119429945946,0.018802937120199203,0.05387766659259796
road446_png.rf.f38afaa2d572c8426b05a88bdb4a5d3d.jpg,13,0.5260320901870728,0.3597419559955597,0.21516573429107666,0.1730782389640808,0.9248619675636292
road450_png.rf.4066ba8e8ac659692b69cbcf144c575f.jpg,10,0.47862184047698975,0.4436754584312439,0.1462930589914322,0.11754351854324341,0.9710873365402222
road450_png.rf.4066ba8e8ac659692b69cbcf144c575f.jpg,8,0.4786118268966675,0.317145973443985,0.14296752214431763,0.11239741742610931,0.2754817306995392
road453_png.rf.2ac6332c02e34b01f38bd0daf2dee199.jpg,10,0.44711723923683167,0.4785505533218384,0.2791464924812317,0.21952424943447113,0.9389285445213318
road453_png.rf.2ac6332c02e34b01f38bd0daf2dee199.jpg,0,0.45993396639823914,0.25047174096107483,0.20081351697444916,0.20154136419296265,0.10024462640285492
road459_png.rf.90e8843192d53e6f83e48ef5a09736a3.jpg,12,0.48298177123069763,0.4415859282016754,0.21268846094608307,0.17128652334213257,0.9542344212532043
road459_png.rf.90e8843192d53e6f83e48ef5a09736a3.jpg,1,0.4178500473499298,0.8810791969299316,0.1245744451880455,0.23784169554710388,0.640889585018158
road45_png.rf.de2883de8bdeb35347f7dfbd23b1916c.jpg,0,0.6603965759277344,0.14735554158687592,0.02933766320347786,0.10530795156955719,0.05842524766921997
road466_png.rf.d57ae6325b53f1b11ebb16fbfefd48e0.jpg,12,0.3661687672138214,0.2502076327800751,0.27911055088043213,0.2064937949180603,0.9355943202972412
road466_png.rf.d57ae6325b53f1b11ebb16fbfefd48e0.jpg,0,0.3239583969116211,0.806374192237854,0.1706564873456955,0.3689959645271301,0.872786283493042
road470_png.rf.7670afafae0b681bed4d7bd1ce2f1775.jpg,12,0.32471737265586853,0.5426413416862488,0.185587078332901,0.14475661516189575,0.9362900257110596
road485_png.rf.27b8f614cd9acbfc022c4c40b8707cbf.jpg,12,0.3844369649887085,0.47544729709625244,0.4288034737110138,0.32196471095085144,0.9528390169143677
road487_png.rf.dc7045b0bb497d4a44959dc9f8466232.jpg,12,0.5750119090080261,0.42451050877571106,0.10820374637842178,0.0834236890077591,0.915652334690094
road488_png.rf.d96ab5854f2c6a2137b4005752cadeec.jpg,12,0.6731357574462891,0.3601623773574829,0.12532512843608856,0.09667748957872391,0.9433440566062927
road490_png.rf.464f4426af72921b633d86c047b4eb7a.jpg,12,0.5333150625228882,0.36989885568618774,0.15900832414627075,0.12381979823112488,0.9378452897071838
road491_png.rf.878b3a369b2f57b3edeb679ff3e03c23.jpg,12,0.5724869966506958,0.40178337693214417,0.195940762758255,0.15194350481033325,0.9455645680427551
road506_png.rf.7a13ac3369dd9c4a13997267c82b32a6.jpg,12,0.31047677993774414,0.6746420860290527,0.2322051078081131,0.181515634059906,0.9496417045593262
road519_png.rf.aa9e93bebe13bca1fd49aa4b08f47354.jpg,12,0.5802589058876038,0.469742089509964,0.09047669917345047,0.06880452483892441,0.9148048758506775
road51_png.rf.049d6ceefd959818a9f59c81f8d1387a.jpg,0,0.5560193657875061,0.4998355507850647,0.12795771658420563,0.31960663199424744,0.3805502951145172
road51_png.rf.049d6ceefd959818a9f59c81f8d1387a.jpg,1,0.5554375052452087,0.4929704964160919,0.12694476544857025,0.31978973746299744,0.0666486993432045
road520_png.rf.937374420bcb13bddc7b27ad6128d860.jpg,12,0.636849045753479,0.40960124135017395,0.15493011474609375,0.11952664703130722,0.9123256206512451
road554_png.rf.534262cf45c8f7f6ad9e709bfa74bd81.jpg,8,0.3824312388896942,0.7099512815475464,0.17350322008132935,0.1356438845396042,0.9362463355064392
road573_png.rf.692497fab5c04bfffa1d5f4b2b285213.jpg,8,0.3796899914741516,0.6566803455352783,0.2936663329601288,0.22957263886928558,0.9286362528800964
road574_png.rf.e9300ee48cadd50aff3821e5d303d293.jpg,8,0.48949378728866577,0.6618962287902832,0.3844107985496521,0.3049428462982178,0.9526334404945374
road576_png.rf.f46db39f9f64118df1377c6196897c25.jpg,8,0.25502854585647583,0.331961065530777,0.12526054680347443,0.09161017835140228,0.9039860367774963
road582_png.rf.930fbae49546d10b46e1f533c4e0a291.jpg,1,0.6454083323478699,0.6238604784011841,0.051273055374622345,0.10903839021921158,0.6765491366386414
road582_png.rf.930fbae49546d10b46e1f533c4e0a291.jpg,1,0.3533199429512024,0.367933064699173,0.04593035206198692,0.10607250034809113,0.05790463835000992
road585_png.rf.9f55a59547b49a85d4b9012e0f24859c.jpg,12,0.501110851764679,0.3195505738258362,0.1352517157793045,0.10413537174463272,0.9252650141716003
road587_png.rf.a53ec0d32057731c117123acb2f3b4e1.jpg,12,0.4543314278125763,0.5176572203636169,0.0684308260679245,0.05468955636024475,0.8865257501602173
road596_png.rf.11f43967e3d8f54a7c94b5810f527f23.jpg,12,0.5058581233024597,0.387662410736084,0.108870729804039,0.08673279732465744,0.9081015586853027
road59_png.rf.f43173a745a9712aebbbc8f919e0fff6.jpg,14,0.6964265704154968,0.5016492605209351,0.4771021604537964,0.6199133992195129,0.9473767280578613
road604_png.rf.78092f95d0c775d7e2b266dee85e6c5d.jpg,12,0.3335277736186981,0.2950834631919861,0.15223585069179535,0.11866980791091919,0.9209526777267456
road613_png.rf.560c13a685d02ca31a65b6b2b172772a.jpg,10,0.5608325004577637,0.5164567232131958,0.08808224648237228,0.06963729858398438,0.42973968386650085
road613_png.rf.560c13a685d02ca31a65b6b2b172772a.jpg,12,0.5610365271568298,0.5166569352149963,0.08713304251432419,0.06975548714399338,0.1347498893737793
road619_png.rf.afe775af026ad763791eed33be445f64.jpg,8,0.5283963680267334,0.4341529905796051,0.1702440083026886,0.13432195782661438,0.9090906977653503
road629_png.rf.79a049eae4f765c580544c533220d5f5.jpg,9,0.6625927090644836,0.3727237284183502,0.335029274225235,0.2638716399669647,0.9486054182052612
road62_png.rf.b3288434b3cf3e2b6d2f057c1f5a0502.jpg,14,0.6382608413696289,0.3939809203147888,0.32027626037597656,0.22354669868946075,0.9453127384185791
road633_png.rf.282d128c502ba602126742a5064cd054.jpg,14,0.39463022351264954,0.3159347176551819,0.1325211226940155,0.10102299600839615,0.9661933779716492
road639_png.rf.74306332af06fee257b44f5dd9ae02fb.jpg,11,0.5370936989784241,0.625822901725769,0.1368497759103775,0.10894908010959625,0.9151965975761414
road639_png.rf.74306332af06fee257b44f5dd9ae02fb.jpg,9,0.0752469077706337,0.7769911289215088,0.0651918575167656,0.04932095482945442,0.8910514712333679
road640_png.rf.d095777d03f03f86a0b6b1f5b32dfdd5.jpg,11,0.7821189761161804,0.3222050070762634,0.15471267700195312,0.12187144160270691,0.9410044550895691
road640_png.rf.d095777d03f03f86a0b6b1f5b32dfdd5.jpg,9,0.2435317486524582,0.48774245381355286,0.0666227713227272,0.050093431025743484,0.8589712977409363
road64_png.rf.bf315b45291d211d2e01926d50ddfddf.jpg,14,0.5444499254226685,0.4797667860984802,0.7844253182411194,0.8851767778396606,0.9423612952232361
road650_png.rf.b4086d2eec2b5bfe4465ae484a3b762f.jpg,9,0.4834554195404053,0.31845754384994507,0.11640629917383194,0.09412650018930435,0.9586518406867981
road652_png.rf.e82e3cfaed8d2378962fd6c1380f5d02.jpg,8,0.48031193017959595,0.45614898204803467,0.061514344066381454,0.04841569811105728,0.7870011329650879
road652_png.rf.e82e3cfaed8d2378962fd6c1380f5d02.jpg,8,0.2865541875362396,0.47302916646003723,0.048682067543268204,0.03592197969555855,0.39702048897743225
road653_png.rf.a69e562a3dab509d536c1f6d7689c4de.jpg,8,0.5723066329956055,0.5724197030067444,0.06750327348709106,0.05379442125558853,0.8803027868270874
road653_png.rf.a69e562a3dab509d536c1f6d7689c4de.jpg,10,0.3364705443382263,0.5937442779541016,0.05113264545798302,0.04309485852718353,0.6096818447113037
road654_png.rf.dccac1ff09c216df1ecd3c90e1d3923b.jpg,8,0.425772100687027,0.4995761513710022,0.08176364004611969,0.06286885589361191,0.8838822245597839
road654_png.rf.dccac1ff09c216df1ecd3c90e1d3923b.jpg,10,0.13682371377944946,0.5222530364990234,0.057919394224882126,0.042579285800457,0.8272706270217896
road655_png.rf.ff15054285f0f0f70cd01a48ab24b450.jpg,10,0.2976287305355072,0.5615567564964294,0.06491565704345703,0.05124737694859505,0.9493725895881653
road655_png.rf.ff15054285f0f0f70cd01a48ab24b450.jpg,8,0.6458160281181335,0.5270048379898071,0.09280263632535934,0.07264335453510284,0.9094090461730957
road65_png.rf.35a17912d8a5df128c238eff97db75eb.jpg,14,0.5189899206161499,0.45819732546806335,0.460189551115036,0.29829540848731995,0.9337821006774902
road661_png.rf.9b3a953ded6512ace828850f97be4472.jpg,8,0.5164634585380554,0.6400308012962341,0.24181117117404938,0.19602102041244507,0.9202682971954346
road666_png.rf.7d914d9d62e7d0fcc23d5bce18bb5d3c.jpg,10,0.5553551912307739,0.6937160491943359,0.3567279875278473,0.28936442732810974,0.9472982287406921
road673_png.rf.4180f0a6afa7416d52c729d8b9305d75.jpg,14,0.334956556558609,0.44860386848449707,0.0624237097799778,0.04929579421877861,0.8405093550682068
road691_png.rf.3ca3931933e5623e51596577124c3447.jpg,3,0.5003760457038879,0.5440295934677124,0.16266413033008575,0.11831357330083847,0.9480780363082886
road691_png.rf.3ca3931933e5623e51596577124c3447.jpg,5,0.5021125674247742,0.35282033681869507,0.1597541719675064,0.12065990269184113,0.9182495474815369
road692_png.rf.428a4cfb2f374f0acb60ffc5c57e0750.jpg,3,0.4411514103412628,0.6044415831565857,0.2290368527173996,0.17002539336681366,0.9575024247169495
road692_png.rf.428a4cfb2f374f0acb60ffc5c57e0750.jpg,5,0.44648516178131104,0.3320830464363098,0.222507044672966,0.1697804480791092,0.9377171993255615
road701_png.rf.cdb390be5b29eb46e8125d30c802cde0.jpg,5,0.8928688168525696,0.38164404034614563,0.214262455701828,0.1840929090976715,0.9483606219291687
road701_png.rf.cdb390be5b29eb46e8125d30c802cde0.jpg,3,0.8941961526870728,0.6744806170463562,0.21075381338596344,0.17973314225673676,0.9472432136535645
road708_png.rf.d9bf7da6e0e73af3295909a18a2cabee.jpg,3,0.5255540609359741,0.731773853302002,0.2348037213087082,0.17644794285297394,0.9539436101913452
road708_png.rf.d9bf7da6e0e73af3295909a18a2cabee.jpg,5,0.5238350033760071,0.44122323393821716,0.23416337370872498,0.18297269940376282,0.9438839554786682
road709_png.rf.4247ab0b03caf6c144ac9d5203850b81.jpg,5,0.48815515637397766,0.5026785731315613,0.07386809587478638,0.05836964026093483,0.9316712021827698
road709_png.rf.4247ab0b03caf6c144ac9d5203850b81.jpg,3,0.48384639620780945,0.5944151282310486,0.07562322169542313,0.05661671236157417,0.7739264965057373
road716_png.rf.b9085b6c292ddd763a6e1481465dd3cd.jpg,5,0.62287437915802,0.5523663759231567,0.06126448139548302,0.050204645842313766,0.8465701937675476
road716_png.rf.b9085b6c292ddd763a6e1481465dd3cd.jpg,3,0.532451331615448,0.5486038327217102,0.05952131003141403,0.04489825665950775,0.7624696493148804
road720_png.rf.bdc71460f5121259128f84a720780e9e.jpg,8,0.3792756199836731,0.5212392210960388,0.08987405151128769,0.07215779274702072,0.9129030108451843
road743_png.rf.09b77e4a47a21b7c3482c28b37c86ecb.jpg,5,0.2703108489513397,0.37786513566970825,0.08968265354633331,0.07092784345149994,0.9469684362411499
road743_png.rf.09b77e4a47a21b7c3482c28b37c86ecb.jpg,3,0.2594413757324219,0.48411616683006287,0.09197833389043808,0.07112349569797516,0.8668017387390137
road747_png.rf.66031af78137deac5c6878292d9ce7db.jpg,3,0.8790774345397949,0.6286709308624268,0.23258650302886963,0.18449079990386963,0.9396480917930603
road747_png.rf.66031af78137deac5c6878292d9ce7db.jpg,5,0.8933339715003967,0.3411494493484497,0.21333211660385132,0.1843721717596054,0.9367508888244629
road760_png.rf.cb25cb1c5c71e6bbf07a9dc3b11915d2.jpg,3,0.4875004291534424,0.35635271668434143,0.2021298110485077,0.15824003517627716,0.9407492280006409
road770_png.rf.192c2e4a2994c3c1bdfa14f69586392c.jpg,12,0.5178612470626831,0.4479242265224457,0.09990252554416656,0.07793082296848297,0.6684074401855469
road773_png.rf.b467561d9bc1abfaa69c770187f44c38.jpg,12,0.6467841267585754,0.49434158205986023,0.06077854707837105,0.04924437031149864,0.551281213760376
road774_png.rf.01952886ddecdd8280c5df688e7f3f0e.jpg,9,0.660367488861084,0.43497416377067566,0.06441102176904678,0.05466916039586067,0.22189654409885406
road774_png.rf.01952886ddecdd8280c5df688e7f3f0e.jpg,12,0.6596736907958984,0.4355297386646271,0.06377997994422913,0.05471229925751686,0.18085135519504547
road794_png.rf.3569e6160a38765029861dd0a34ebfdd.jpg,13,0.44480809569358826,0.6103056073188782,0.2004055678844452,0.15361419320106506,0.959866464138031
road794_png.rf.3569e6160a38765029861dd0a34ebfdd.jpg,8,0.08524949848651886,0.9449112415313721,0.045784711837768555,0.04156406223773956,0.2763940393924713
road803_png.rf.ec1de6db189d7a63e98b91529236a7d1.jpg,3,0.5288816690444946,0.5882259607315063,0.09902617335319519,0.07806895673274994,0.9211782217025757
road804_png.rf.c07a9b7b679e771fad740f296ee3a8f7.jpg,3,0.65509033203125,0.49258339405059814,0.12551149725914001,0.09689316898584366,0.9246851801872253
road811_png.rf.e8ae9aefbf35658164ee88a52ed39bd8.jpg,13,0.45402631163597107,0.5144385099411011,0.17381007969379425,0.13511745631694794,0.9578622579574585
road822_png.rf.b3ba7f5457042a083bad8aac3fe5f819.jpg,14,0.455272912979126,0.27157527208328247,0.2040446400642395,0.1597408503293991,0.9547824859619141
road822_png.rf.b3ba7f5457042a083bad8aac3fe5f819.jpg,1,0.4805217385292053,0.5545689463615417,0.12887030839920044,0.26932886242866516,0.9302767515182495
road836_png.rf.05522d5697471753f15583e9c74d9908.jpg,12,0.5875794887542725,0.38621988892555237,0.19741903245449066,0.15138912200927734,0.9394087195396423
road841_png.rf.7ddce1ff42545b101a28f63e6a1e5af7.jpg,12,0.4298027753829956,0.40770718455314636,0.13337282836437225,0.10252600908279419,0.917232871055603
road842_png.rf.eaef28c5ea8a82fe3cfba78634bebf18.jpg,12,0.3333156704902649,0.4434352219104767,0.16562257707118988,0.12737047672271729,0.9420086741447449
road842_png.rf.eaef28c5ea8a82fe3cfba78634bebf18.jpg,0,0.9008447527885437,0.3207395672798157,0.1968052238225937,0.46940481662750244,0.0905364602804184
road84_png.rf.3c4a24183c70e3af08fc01ae65761c88.jpg,14,0.49669745564460754,0.29555651545524597,0.25269949436187744,0.17292122542858124,0.9565424919128418
road850_png.rf.74fa86d3aaa9d85f0c87bf9bb5ce433e.jpg,12,0.2963600754737854,0.33049923181533813,0.06215381994843483,0.047748859971761703,0.8997304439544678
road851_png.rf.30b2392d540fed2bdafd783c8defefb9.jpg,12,0.4142214059829712,0.3200167715549469,0.06976362317800522,0.05426773801445961,0.8767769932746887
road856_png.rf.c56e130a9afef0aa81d3359ce467f4b1.jpg,12,0.5081262588500977,0.23132434487342834,0.14591877162456512,0.11411622911691666,0.9439688920974731
road859_png.rf.f0e4bbd39d237c79817d4ade35676364.jpg,12,0.4692375659942627,0.40605470538139343,0.08182716369628906,0.06294383108615875,0.844138503074646
road85_png.rf.86fab2367257fba23a95cad102a7dd82.jpg,14,0.5249853134155273,0.5449385046958923,0.48078611493110657,0.3582639694213867,0.9519419074058533
road865_png.rf.d20a4a3f4030905929c2739f03eba9b8.jpg,10,0.5818975567817688,0.2568567395210266,0.11194684356451035,0.08570729941129684,0.9677014350891113
road86_png.rf.618acea5b57f584ad3cf0c2ddd8be8b3.jpg,14,0.5002131462097168,0.5072643756866455,0.2713366448879242,0.4008234739303589,0.9106048941612244
road872_png.rf.d95002240567bc0114365d0ba181071f.jpg,8,0.33711427450180054,0.5495477318763733,0.10667627304792404,0.08348597586154938,0.925833523273468
road872_png.rf.d95002240567bc0114365d0ba181071f.jpg,14,0.7609000205993652,0.6711997985839844,0.038976963609457016,0.034440409392118454,0.2348671704530716
road872_png.rf.d95002240567bc0114365d0ba181071f.jpg,9,0.6134517192840576,0.7094232439994812,0.01859261468052864,0.04192792624235153,0.06096944957971573
road876_png.rf.723330bcac2a5e357c0a325590dbff3c.jpg,8,0.47953322529792786,0.36545076966285706,0.22268854081630707,0.1666068285703659,0.935045063495636
road876_png.rf.723330bcac2a5e357c0a325590dbff3c.jpg,14,0.301596999168396,0.7632687091827393,0.05139860883355141,0.04660078510642052,0.8803658485412598
road876_png.rf.723330bcac2a5e357c0a325590dbff3c.jpg,1,0.4018613398075104,0.8066645860671997,0.019316600635647774,0.09076749533414841,0.08145151287317276
road94_png.rf.77920ec51ee4fe99a6fb6f8d99f67954.jpg,14,0.5111666917800903,0.5153204202651978,0.5245823860168457,0.5679771900177002,0.9473105072975159
